Type;Hue;Saturation;Value;Type;Hue;Saturation;Value;Type;Hue;Saturation;Value;Type;Hue;Saturation;Value;Type;Hue;Saturation;Value;Type;Hue;Saturation;Value;Type;Tile;Hue;Saturation;Value
Medows;41,5906;193,0161;151,1209;Forest;45,1864;161,1531;66,1181;Fields;26,3026;245,1842;191,1801;Ocean;23,7077;132,757;107,1856;Mines;;;;Castle;28,5602;110,4772;139,9255;Table;0.4;22;153,98;108
Medows;43,3704;202,0811;151,0329;Forest;43,6752;152,9081;61,6782;Fields;;;;Ocean;24,3891;134,6243;111,7854;Mines;;;;Castle;23,6445;71,3569;118,3995;Table;1.4;26;115;109
Medows;40,9778;210,926;144,1913;Forest;44,4531;159,8208;63,2256;Fields;;;;Ocean;;;;Mines;;;;Castle;35,829;83,8067;108,61;Table;;;;
Medows;41;1.996.978;1.510.532;Forest;44,8309;160,4163;61,8739;Fields;;;;Ocean;;;;Mines;;;;Castle;;;;Table;;;;
Medows;39,3559;219,9982;141,6698;Forest;43,0294;167,6024;62,8192;Fields;;;;Ocean;;;;Mines;;;;Castle;;;;Table;;;;
Medows;42,513;207,7758;150,8302;Forest;36,5725;158,8622;70,603;Fields;;;;Ocean;;;;Mines;;;;Castle;;;;Table;;;;
Medows;32,4253;191,8896;135,7822;Forest;42,4547;172,7378;60,6874;Fields;;;;Ocean;;;;Mines;;;;Castle;;;;Table;;;;
Medows;34,6859;215,459;132,4562;Forest;48,1779;100,3718;68,259;Fields;;;;Ocean;;;;Mines;;;;Castle;;;;Table;;;;
Medows;34,582;200,6038;123,546;Forest;;;;Fields;;;;Ocean;;;;Mines;;;;Castle;;;;Table;;;;
Medows;;;;Forest;;;;Fields;;;;Ocean;;;;Mines;;;;Castle;;;;Table;;;;
Medows;;;;Forest;;;;Fields;;;;Ocean;;;;Mines;;;;Castle;;;;Table;;;;
Medows;;;;Forest;;;;Fields;;;;Ocean;;;;Mines;;;;Castle;103;247;163;Table;;;;
Medows;;;;Forest;;;;Fields;;;;Ocean;;;;Mines;;;;Castle;28;232;181;Table;;;;
Medows;;;;Forest;;;;Fields;;;;Ocean;;;;Mines;;;;Castle;;;;Table;;;;
Medows;;;;Forest;;;;Fields;;;;Ocean;;;;Mines;;;;Castle;;;;Table;;;;
Medows;42,3214;211,2361;144,81;Forest;44,1514;159,9076;55,1374;Fields;25,5194;248,0155;168,2771;Ocean;25,2381;84,4957;108,8012;Mines;29,8934;135,6631;59,6385;Castle;;;;Table;0.0;21;166;156
Medows;43,955;205,9899;137,1954;Forest;;;;Fields;25,7646;244,1053;170,8091;Ocean;23,6735;130,9151;96,3389;Mines;33,5659;104,5056;57,335;Castle;;;;Table;2.0;27;241;183
Medows;41,3386;212,6461;136,2555;Forest;;;;Fields;25,5791;245,7947;174,3969;Ocean;25,1282;134,1846;83,2193;Mines;32,1827;106,5468;63,9784;Castle;;;;Table;;;;
Medows;;;;Forest;;;;Fields;25,7841;248,4215;177,8543;Ocean;23,9685;125,1573;98,4476;Mines;39,0038;113,6101;66,4054;Castle;;;;Table;;;;
Medows;;;;Forest;;;;Fields;25,3198;241,1761;170,064;Ocean;22,1875;164,6013;106,7374;Mines;28,6152;120,8797;74,8266;Castle;;;;Table;;;;
Medows;;;;Forest;;;;Fields;26,0304;248,6743;180,2883;Ocean;25,3924;117,1441;106,7516;Mines;;;;Castle;;;;Table;;;;
Medows;;;;Forest;;;;Fields;24,7348;229,1801;160,5597;Ocean;;;;Mines;;;;Castle;;;;Table;;;;
Medows;;;;Forest;;;;Fields;25,7616;245,6343;184,173;Ocean;;;;Mines;;;;Castle;28,971;141,8683;79,4058;Table;;;;
Medows;;;;Forest;;;;Fields;26,1713;244,2912;187,0705;Ocean;;;;Mines;;;;Castle;;;;Table;;;;
Medows;;;;Forest;;;;Fields;;;;Ocean;;;;Mines;;;;Castle;;;;Table;;;;
Medows;;;;Forest;;;;Fields;;;;Ocean;;;;Mines;;;;Castle;;;;Table;;;;
Medows;;;;Forest;;;;Fields;;;;Ocean;;;;Mines;;;;Castle;;;;Table;;;;
Medows;;;;Forest;;;;Fields;;;;Ocean;;;;Mines;;;;Castle;;;;Table;;;;
Medows;;;;Forest;;;;Fields;;;;Ocean;;;;Mines;;;;Castle;;;;Table;;;;
Medows;;;;Forest;;;;Fields;;;;Ocean;;;;Mines;;;;Castle;;;;Table;;;;
Medows;;;;Forest;42,7471;164,8205;57,4317;Fields;24,4921;222,0149;153,1659;Ocean;23,0679;146,4196;95,1309;Mines;43,9056;92,9112;54,812;Castle;;;;Table;0.4;100;236;159,9289
Medows;;;;Forest;45,9646;138,6916;42,2588;Fields;25,4829;246,0321;173,7863;Ocean;;;;Mines;;;;Castle;;;;Table;1.4;88;227;145
Medows;;;;Forest;46,6823;146,2574;44,7931;Fields;25,5945;238,1442;178,4131;Ocean;;;;Mines;;;;Castle;;;;Table;;;;
Medows;;;;Forest;39,93;125,2542;60,704;Fields;24,3592;221,8042;152,42;Ocean;;;;Mines;;;;Castle;52,9596;54,1869;91,2984;Table;;;;
Medows;;;;Forest;48,3949;131,8541;41,1609;Fields;25,6188;245,8635;181,5583;Ocean;;;;Mines;;;;Castle;59,6442;77,0277;102,4834;Table;;;;
Medows;;;;Forest;47,639;140,1709;45,2897;Fields;;;;Ocean;;;;Mines;;;;Castle;36,0072;63,8489;98,5188;Table;;;;
Medows;;;;Forest;45,2074;149,8082;43,1671;Fields;;;;Ocean;;;;Mines;;;;Castle;41,4649;144,9208;68,9809;Table;;;;
Medows;;;;Forest;34,4967;168,6198;62,605;Fields;;;;Ocean;;;;Mines;;;;Castle;35,3428;127,0045;71,9051;Table;;;;
Medows;;;;Forest;43,2565;180,8925;46,5734;Fields;;;;Ocean;;;;Mines;;;;Castle;47,4236;106,4246;73,0086;Table;;;;
Medows;;;;Forest;36,8997;167,1381;54,5537;Fields;;;;Ocean;;;;Mines;;;;Castle;42,9842;72,0978;66,7443;Table;;;;
Medows;;;;Forest;48,3144;163,6608;50,3205;Fields;;;;Ocean;;;;Mines;;;;Castle;27,3679;102,5988;120,6081;Table;;;;
Medows;;;;Forest;;;;Fields;;;;Ocean;;;;Mines;;;;Castle;65,9424;63,2957;93,1975;Table;;;;
Medows;;;;Forest;;;;Fields;;;;Ocean;;;;Mines;;;;Castle;36,916;64,9113;98,2517;Table;;;;
Medows;;;;Forest;;;;Fields;;;;Ocean;;;;Mines;;;;Castle;34,2113;124,687;82,8661;Table;;;;
Medows;;;;Forest;;;;Fields;;;;Ocean;;;;Mines;;;;Castle;74,4127;104,3404;90,5931;Table;;;;
Medows;;;;Forest;;;;Fields;;;;Ocean;;;;Mines;;;;Castle;58,3262;97,5345;60,9287;Table;;;;
Medows;;;;Forest;;;;Fields;;;;Ocean;;;;Mines;;;;Castle;42,5439;90,0775;54,9284;Table;;;;
Medows;;;;Forest;;;;Fields;;;;Ocean;;;;Mines;;;;Castle;;;;Table;;;;
Medows;;;;Forest;;;;Fields;;;;Ocean;;;;Mines;;;;Castle;;;;Table;;;;
Medows;;;;Forest;;;;Fields;;;;Ocean;;;;Mines;;;;Castle;;;;Table;;;;
Medows;;;;Forest;;;;Fields;;;;Ocean;;;;Mines;;;;Castle;;;;Table;;;;
Medows;;;;Forest;;;;Fields;;;;Ocean;;;;Mines;;;;Castle;;;;Table;;;;
Medows;;;;Forest;;;;Fields;;;;Ocean;;;;Mines;;;;Castle;;;;Table;;;;
Medows;;;;Forest;;;;Fields;;;;Ocean;;;;Mines;;;;Castle;;;;Table;;;;
Medows;;;;Forest;;;;Fields;;;;Ocean;;;;Mines;;;;Castle;50,6513;65,5149;72,0989;Table;;;;
Medows;;;;Forest;;;;Fields;;;;Ocean;;;;Mines;;;;Castle;31,2811;106,078;118,1759;Table;;;;
Medows;;;;Forest;;;;Fields;;;;Ocean;;;;Mines;;;;Castle;55,0395;53,1399;96,0298;Table;;;;
Medows;;;;Forest;;;;Fields;;;;Ocean;;;;Mines;;;;Castle;;;;Table;;;;
Medows;;;;Forest;;;;Fields;;;;Ocean;;;;Mines;;;;Castle;;;;Table;;;;
Medows;;;;Forest;;;;Fields;;;;Ocean;;;;Mines;;;;Castle;;;;Table;;;;
Medows;;;;Forest;;;;Fields;;;;Ocean;;;;Mines;;;;Castle;;;;Table;;;;
Medows;;;;Forest;;;;Fields;;;;Ocean;;;;Mines;;;;Castle;;;;Table;;;;
Medows;;;;Forest;;;;Fields;;;;Ocean;;;;Mines;;;;Castle;;;;Table;;;;
Medows;;;;Forest;;;;Fields;;;;Ocean;;;;Mines;;;;Castle;;;;Table;;;;
Medows;;;;Forest;;;;Fields;;;;Ocean;;;;Mines;;;;Castle;;;;Table;;;;
Medows;;;;Forest;;;;Fields;;;;Ocean;;;;Mines;;;;Castle;;;;Table;;;;
Medows;;;;Forest;;;;Fields;;;;Ocean;;;;Mines;;;;Castle;;;;Table;;;;
Medows;;;;Forest;;;;Fields;;;;Ocean;;;;Mines;;;;Castle;;;;Table;;;;
Medows;;;;Forest;;;;Fields;;;;Ocean;;;;Mines;;;;Castle;;;;Table;;;;
Medows;;;;Forest;;;;Fields;;;;Ocean;;;;Mines;;;;Castle;;;;Table;;;;
Medows;;;;Forest;;;;Fields;;;;Ocean;;;;Mines;;;;Castle;;;;Table;;;;
Medows;;;;Forest;;;;Fields;;;;Ocean;;;;Mines;;;;Castle;;;;Table;;;;
Medows;;;;Forest;;;;Fields;;;;Ocean;;;;Mines;;;;Castle;;;;Table;;;;
Medows;;;;Forest;;;;Fields;;;;Ocean;;;;Mines;;;;Castle;;;;Table;;;;
Medows;;;;Forest;;;;Fields;;;;Ocean;;;;Mines;;;;;;;;Table;;;;
Medows;;;;Forest;;;;Fields;;;;Ocean;;;;Mines;;;;;;;;Table;;;;
Medows;;;;Forest;;;;Fields;;;;Ocean;;;;Mines;;;;;;;;Table;;;;
Medows;;;;Forest;;;;Fields;;;;Ocean;;;;Mines;;;;;;;;Table;;;;
Medows;;;;Forest;;;;Fields;;;;Ocean;;;;Mines;;;;;;;;Table;;;;
Medows;;;;Forest;;;;Fields;;;;Ocean;;;;Mines;;;;;;;;Table;;;;
Medows;;;;Forest;;;;Fields;;;;Ocean;;;;Mines;;;;;;;;Table;;;;
Medows;;;;Forest;;;;Fields;;;;Ocean;;;;Mines;;;;;;;;Table;;;;
Medows;;;;Forest;;;;Fields;;;;Ocean;;;;Mines;;;;;;;;Table;;;;
Medows;;;;Forest;;;;Fields;;;;Ocean;;;;Mines;;;;;;;;Table;;;;
Medows;;;;Forest;;;;Fields;;;;Ocean;;;;Mines;;;;;;;;Table;;;;
Medows;;;;Forest;;;;Fields;;;;Ocean;;;;Mines;;;;;;;;Table;;;;
Medows;;;;Forest;;;;Fields;;;;Ocean;;;;Mines;;;;;;;;Table;;;;
Medows;;;;Forest;;;;Fields;;;;Ocean;;;;Mines;;;;;;;;Table;;;;
Medows;;;;Forest;;;;Fields;;;;Ocean;;;;Mines;;;;;;;;Table;;;;
Medows;;;;Forest;;;;Fields;;;;Ocean;;;;Mines;;;;;;;;Table;;;;
Medows;;;;Forest;;;;Fields;;;;Ocean;;;;Mines;;;;;;;;Table;;;;
Medows;;;;Forest;;;;Fields;;;;Ocean;;;;Mines;;;;;;;;Table;;;;
Medows;;;;Forest;;;;Fields;;;;Ocean;;;;Mines;;;;;;;;Table;;;;
Medows;;;;Forest;;;;Fields;;;;Ocean;;;;Mines;;;;;;;;Table;;;;
Medows;;;;Forest;;;;Fields;;;;Ocean;;;;Mines;;;;;;;;Table;;;;
Medows;;;;Forest;;;;Fields;;;;Ocean;;;;Mines;;;;;;;;Table;;;;
Medows;;;;Forest;;;;Fields;;;;Ocean;;;;Mines;;;;;;;;Table;;;;
Medows;;;;Forest;;;;Fields;;;;Ocean;;;;Mines;;;;;;;;Table;;;;
Medows;;;;Forest;;;;Fields;;;;Ocean;;;;Mines;;;;;;;;Table;;;;
Medows;;;;Forest;;;;Fields;;;;Ocean;;;;Mines;;;;;;;;Table;;;;
Medows;;;;Forest;;;;Fields;;;;Ocean;;;;Mines;;;;;;;;Table;;;;
Medows;;;;Forest;;;;Fields;;;;Ocean;;;;Mines;;;;;;;;Table;;;;
Medows;;;;Forest;;;;Fields;;;;Ocean;;;;Mines;;;;;;;;Table;;;;
Medows;;;;Forest;;;;Fields;;;;Ocean;;;;Mines;;;;;;;;Table;;;;
Medows;;;;Forest;;;;Fields;;;;Ocean;;;;Mines;;;;;;;;Table;;;;
Medows;;;;Forest;;;;Fields;;;;Ocean;;;;Mines;;;;;;;;Table;;;;
Medows;;;;Forest;;;;Fields;;;;Ocean;;;;Mines;;;;;;;;Table;;;;
Medows;;;;Forest;;;;Fields;;;;Ocean;;;;Mines;;;;;;;;Table;;;;
Medows;;;;Forest;;;;Fields;;;;Ocean;;;;Mines;;;;;;;;Table;;;;
Medows;;;;Forest;;;;Fields;;;;Ocean;;;;Mines;;;;;;;;Table;;;;
Medows;;;;Forest;;;;Fields;;;;Ocean;;;;Mines;;;;;;;;Table;;;;
Medows;;;;Forest;;;;Fields;;;;Ocean;;;;Mines;;;;;;;;Table;;;;
Medows;;;;Forest;;;;Fields;;;;Ocean;;;;Mines;;;;;;;;Table;;;;
Medows;;;;Forest;;;;Fields;;;;Ocean;;;;Mines;;;;;;;;Table;;;;
Medows;;;;Forest;;;;Fields;;;;Ocean;;;;Mines;;;;;;;;Table;;;;
Medows;;;;Forest;;;;Fields;;;;Ocean;;;;Mines;;;;;;;;Table;;;;
Medows;;;;Forest;;;;Fields;;;;Ocean;;;;Mines;;;;;;;;Table;;;;
Medows;;;;Forest;;;;Fields;;;;Ocean;;;;Mines;;;;;;;;Table;;;;
Medows;;;;Forest;;;;Fields;;;;Ocean;;;;Mines;;;;;;;;Table;;;;
Medows;;;;Forest;;;;Fields;;;;Ocean;;;;Mines;;;;;;;;Table;;;;
Medows;;;;Forest;;;;Fields;;;;Ocean;;;;Mines;;;;;;;;Table;;;;
Medows;;;;Forest;;;;Fields;;;;Ocean;;;;Mines;;;;;;;;Table;;;;
Medows;;;;Forest;;;;Fields;;;;Ocean;;;;Mines;;;;;;;;Table;;;;
Medows;;;;Forest;;;;Fields;;;;Ocean;;;;Mines;;;;;;;;Table;;;;
Medows;;;;Forest;;;;Fields;;;;Ocean;;;;Mines;;;;;;;;Table;;;;
Medows;;;;Forest;;;;Fields;;;;Ocean;;;;Mines;;;;;;;;Table;;;;
Medows;;;;Forest;;;;Fields;;;;Ocean;;;;Mines;;;;;;;;Table;;;;
Medows;;;;Forest;;;;Fields;;;;Ocean;;;;Mines;;;;;;;;Table;;;;
Medows;;;;Forest;;;;Fields;;;;Ocean;;;;Mines;;;;;;;;Table;;;;
Medows;;;;Forest;;;;Fields;;;;Ocean;;;;Mines;;;;;;;;Table;;;;
Medows;;;;Forest;;;;Fields;;;;Ocean;;;;Mines;;;;;;;;Table;;;;
Medows;;;;Forest;;;;Fields;;;;Ocean;;;;Mines;;;;;;;;Table;;;;
Medows;;;;Forest;;;;Fields;;;;Ocean;;;;Mines;;;;;;;;Table;;;;
Medows;;;;Forest;;;;Fields;;;;Ocean;;;;Mines;;;;;;;;Table;;;;
Medows;;;;Forest;;;;Fields;;;;Ocean;;;;Mines;;;;;;;;Table;;;;
Medows;;;;Forest;;;;Fields;;;;Ocean;;;;Mines;;;;;;;;Table;;;;
Medows;;;;Forest;;;;Fields;;;;Ocean;;;;Mines;;;;;;;;Table;;;;
Medows;;;;Forest;;;;Fields;;;;Ocean;;;;Mines;;;;;;;;Table;;;;
Medows;;;;Forest;;;;Fields;;;;Ocean;;;;Mines;;;;;;;;Table;;;;
Medows;;;;Forest;;;;Fields;;;;Ocean;;;;Mines;;;;;;;;Table;;;;
Medows;;;;Forest;;;;Fields;;;;Ocean;;;;Mines;;;;;;;;Table;;;;
Medows;;;;Forest;;;;Fields;;;;Ocean;;;;Mines;;;;;;;;Table;;;;
Medows;;;;Forest;;;;Fields;;;;Ocean;;;;Mines;;;;;;;;Table;;;;
Medows;;;;Forest;;;;Fields;;;;Ocean;;;;Mines;;;;;;;;Table;;;;
Medows;;;;Forest;;;;Fields;;;;Ocean;;;;Mines;;;;;;;;Table;;;;
Medows;;;;Forest;;;;Fields;;;;Ocean;;;;Mines;;;;;;;;Table;;;;
Medows;;;;Forest;;;;Fields;;;;Ocean;;;;Mines;;;;;;;;Table;;;;
Medows;;;;Forest;;;;Fields;;;;Ocean;;;;Mines;;;;;;;;Table;;;;
Medows;;;;Forest;;;;Fields;;;;Ocean;;;;Mines;;;;;;;;Table;;;;
Medows;;;;Forest;;;;Fields;;;;Ocean;;;;Mines;;;;;;;;Table;;;;
Medows;;;;Forest;;;;Fields;;;;Ocean;;;;Mines;;;;;;;;Table;;;;
Medows;;;;Forest;;;;Fields;;;;Ocean;;;;Mines;;;;;;;;Table;;;;
Medows;;;;Forest;;;;Fields;;;;Ocean;;;;Mines;;;;;;;;Table;;;;
Medows;;;;Forest;;;;Fields;;;;Ocean;;;;Mines;;;;;;;;Table;;;;
Medows;;;;Forest;;;;Fields;;;;Ocean;;;;Mines;;;;;;;;Table;;;;
Medows;;;;Forest;;;;Fields;;;;Ocean;;;;Mines;;;;;;;;Table;;;;
Medows;;;;Forest;;;;Fields;;;;Ocean;;;;Mines;;;;;;;;Table;;;;
Medows;;;;Forest;;;;Fields;;;;Ocean;;;;Mines;;;;;;;;Table;;;;
Medows;;;;Forest;;;;Fields;;;;Ocean;;;;Mines;;;;;;;;Table;;;;
Medows;;;;Forest;;;;Fields;;;;Ocean;;;;Mines;;;;;;;;Table;;;;
Medows;;;;Forest;;;;Fields;;;;Ocean;;;;Mines;;;;;;;;Table;;;;
Medows;;;;Forest;;;;Fields;;;;Ocean;;;;Mines;;;;;;;;Table;;;;
Medows;;;;Forest;;;;Fields;;;;Ocean;;;;Mines;;;;;;;;Table;;;;
Medows;;;;Forest;;;;Fields;;;;Ocean;;;;Mines;;;;;;;;Table;;;;
Medows;;;;Forest;;;;Fields;;;;Ocean;;;;Mines;;;;;;;;Table;;;;
Medows;43;213;147;Forest;26;241,0117;179;Fields;26;241,66;188,3079;Ocean;100;247;164;Mines;;;;;;;;Table;;;;
Medows;42;197;149;Forest;43,37;197,9511;140;Fields;46;137;60;Ocean;21;202;145;Mines;;;;;;;;Table;;;;
Medows;46;216;1.445.484;Forest;;;;Fields;26;236;181,9135;Ocean;24;206;140;Mines;;;;;;;;Table;;;;
Medows;99;232;152;Forest;;;;Fields;104;250;165;Ocean;;;;Mines;;;;;;;;Table;;;;
Medows;33,49;201;129;Forest;;;;Fields;;;;Ocean;;;;Mines;;;;;;;;Table;;;;
Medows;45;208;150,2215;Forest;;;;Fields;;;;Ocean;;;;Mines;;;;;;;;Table;;;;
Medows;45;179;63;Forest;;;;Fields;;;;Ocean;;;;Mines;;;;;;;;Table;;;;
Medows;;;;Forest;;;;Fields;;;;Ocean;;;;Mines;;;;;;;;Table;;;;
Medows;;;;Forest;;;;Fields;;;;Ocean;;;;Mines;;;;;;;;Table;;;;
Medows;;;;Forest;;;;Fields;;;;Ocean;;;;Mines;;;;;;;;Table;;;;
Medows;;;;Forest;;;;Fields;;;;Ocean;;;;Mines;;;;;;;;Table;;;;
Medows;;;;Forest;;;;Fields;;;;Ocean;;;;Mines;;;;;;;;Table;;;;
Medows;;;;Forest;;;;Fields;;;;Ocean;;;;Mines;;;;;;;;Table;;;;
Medows;;;;Forest;;;;Fields;;;;Ocean;;;;Mines;;;;;;;;Table;;;;
Medows;;;;Forest;;;;Fields;;;;Ocean;;;;Mines;;;;;;;;Table;;;;
Medows;25;113;110;Forest;24;100;123;Fields;21;163;152;Ocean;25;228;170;Mines;26;2.415.763;187;;;;;Table;;;;
Medows;36;210;129;Forest;;;;Fields;26;230;184;Ocean;42;216;146;Mines;;;;;;;;Table;;;;
Medows;100;238;150;Forest;;;;Fields;46;100;66;Ocean;36;169;68;Mines;;;;;;;;Table;;;;
Medows;33;194;136;Forest;;;;Fields;253.593;135;106;Ocean;;;;Mines;;;;;;;;Table;;;;
Medows;;;;Forest;;;;Fields;27;241;188;Ocean;;;;Mines;;;;;;;;Table;;;;
Medows;;;;Forest;;;;Fields;25;217;166;Ocean;;;;Mines;;;;;;;;Table;;;;
Medows;;;;Forest;;;;Fields;25;225;167;Ocean;;;;Mines;;;;;;;;Table;;;;
Medows;;;;Forest;;;;Fields;26;248;186;Ocean;;;;Mines;;;;;;;;Table;;;;
Medows;;;;Forest;;;;Fields;26;243,8979;180;Ocean;;;;Mines;;;;;;;;Table;;;;
Medows;;;;Forest;;;;Fields;26;235;181;Ocean;;;;Mines;;;;;;;;Table;;;;
Medows;;;;Forest;;;;Fields;33;138;72;Ocean;;;;Mines;;;;;;;;Table;;;;
Medows;;;;Forest;;;;Fields;;;;Ocean;;;;Mines;;;;;;;;Table;;;;
Medows;;;;Forest;;;;Fields;;;;Ocean;;;;Mines;;;;;;;;Table;;;;
Medows;;;;Forest;;;;Fields;;;;Ocean;;;;Mines;;;;;;;;Table;;;;
Medows;;;;Forest;;;;Fields;;;;Ocean;;;;Mines;;;;;;;;Table;;;;
Medows;;;;Forest;38;163;50;Fields;25;230;144;Ocean;107;249;147;Mines;97;231;143;;;;;Table;0.0;25,277;110,2854;182,5587
Medows;;;;Forest;25;152;81;Fields;46;176;53;Ocean;87;224;142;Mines;103;237;143;;;;;Table;0.1;22,6802;125,4165;173,1417
Medows;;;;Forest;26;252;171;Fields;27;238;170;Ocean;45;186,3663;51;Mines;103;246;161;;;;;Table;;;;
Medows;;;;Forest;26;247;174;Fields;40;137;59;Ocean;;;;Mines;;;;;;;;Table;;;;
Medows;;;;Forest;46;151;52;Fields;;;;Ocean;;;;Mines;;;;;;;;Table;;;;
Medows;;;;Forest;;;;Fields;;;;Ocean;;;;Mines;;;;;;;;Table;;;;
Medows;;;;Forest;;;;Fields;;;;Ocean;;;;Mines;;;;;;;;Table;;;;
Medows;;;;Forest;;;;Fields;;;;Ocean;;;;Mines;;;;;;;;Table;;;;
Medows;;;;Forest;;;;Fields;;;;Ocean;;;;Mines;;;;;;;;Table;;;;
Medows;;;;Forest;;;;Fields;;;;Ocean;;;;Mines;;;;;;;;Table;;;;
Medows;;;;Forest;;;;Fields;;;;Ocean;;;;Mines;;;;;;;;Table;;;;
Medows;;;;Forest;;;;Fields;;;;Ocean;;;;Mines;;;;;;;;Table;;;;
Medows;;;;Forest;;;;Fields;;;;Ocean;;;;Mines;;;;;;;;Table;;;;
Medows;;;;Forest;;;;Fields;;;;Ocean;;;;Mines;;;;;;;;Table;;;;
Medows;;;;Forest;;;;Fields;;;;Ocean;;;;Mines;;;;;;;;Table;;;;
Medows;;;;Forest;;;;Fields;;;;Ocean;;;;Mines;;;;;;;;Table;;;;
Medows;;;;Forest;;;;Fields;;;;Ocean;;;;Mines;;;;;;;;Table;;;;
Medows;;;;Forest;;;;Fields;;;;Ocean;;;;Mines;;;;;;;;Table;;;;
Medows;;;;Forest;;;;Fields;;;;Ocean;;;;Mines;;;;;;;;Table;;;;
Medows;;;;Forest;;;;Fields;;;;Ocean;;;;Mines;;;;;;;;Table;;;;
Medows;;;;Forest;;;;Fields;;;;Ocean;;;;Mines;;;;;;;;Table;;;;
Medows;;;;Forest;;;;Fields;;;;Ocean;;;;Mines;;;;;;;;Table;;;;
Medows;;;;Forest;;;;Fields;;;;Ocean;;;;Mines;;;;;;;;Table;;;;
Medows;;;;Forest;;;;Fields;;;;Ocean;;;;Mines;;;;;;;;Table;;;;
Medows;;;;Forest;;;;Fields;;;;Ocean;;;;Mines;;;;;;;;Table;;;;
Medows;;;;Forest;;;;Fields;;;;Ocean;;;;Mines;;;;;;;;Table;;;;
Medows;;;;Forest;;;;Fields;;;;Ocean;;;;Mines;;;;;;;;Table;;;;
Medows;;;;Forest;;;;Fields;;;;Ocean;;;;Mines;;;;;;;;Table;;;;
Medows;;;;Forest;;;;Fields;;;;Ocean;;;;Mines;;;;;;;;Table;;;;
Medows;;;;Forest;;;;Fields;;;;Ocean;;;;Mines;;;;;;;;Table;;;;
Medows;;;;Forest;;;;Fields;;;;Ocean;;;;Mines;;;;;;;;Table;;;;
Medows;;;;Forest;;;;Fields;;;;Ocean;;;;Mines;;;;;;;;Table;;;;
Medows;;;;Forest;;;;Fields;;;;Ocean;;;;Mines;;;;;;;;Table;;;;
Medows;;;;Forest;;;;Fields;;;;Ocean;;;;Mines;;;;;;;;Table;;;;
Medows;;;;Forest;;;;Fields;;;;Ocean;;;;Mines;;;;;;;;Table;;;;
Medows;;;;Forest;;;;Fields;;;;Ocean;;;;Mines;;;;;;;;Table;;;;
Medows;;;;Forest;;;;Fields;;;;Ocean;;;;Mines;;;;;;;;Table;;;;
Medows;;;;Forest;;;;Fields;;;;Ocean;;;;Mines;;;;;;;;Table;;;;
Medows;;;;Forest;;;;Fields;;;;Ocean;;;;Mines;;;;;;;;Table;;;;
Medows;;;;Forest;;;;Fields;;;;Ocean;;;;Mines;;;;;;;;Table;;;;
Medows;;;;Forest;;;;Fields;;;;Ocean;;;;Mines;;;;;;;;Table;;;;
Medows;;;;Forest;;;;Fields;;;;Ocean;;;;Mines;;;;;;;;Table;;;;
Medows;;;;Forest;;;;Fields;;;;Ocean;;;;Mines;;;;;;;;Table;;;;
Medows;;;;Forest;;;;Fields;;;;Ocean;;;;Mines;;;;;;;;Table;;;;
Medows;;;;Forest;;;;Fields;;;;Ocean;;;;Mines;;;;;;;;Table;;;;
Medows;;;;Forest;;;;Fields;;;;Ocean;;;;Mines;;;;;;;;Table;;;;
Medows;;;;Forest;;;;Fields;;;;Ocean;;;;Mines;;;;;;;;Table;;;;
Medows;;;;Forest;;;;Fields;;;;Ocean;;;;Mines;;;;;;;;Table;;;;
Medows;;;;Forest;;;;Fields;;;;Ocean;;;;Mines;;;;;;;;Table;;;;
Medows;;;;Forest;;;;Fields;;;;Ocean;;;;Mines;;;;;;;;Table;;;;
Medows;;;;Forest;;;;Fields;;;;Ocean;;;;Mines;;;;;;;;Table;;;;
Medows;;;;Forest;;;;Fields;;;;Ocean;;;;Mines;;;;;;;;Table;;;;
Medows;;;;Forest;;;;Fields;;;;Ocean;;;;Mines;;;;;;;;Table;;;;
Medows;;;;Forest;;;;Fields;;;;Ocean;;;;Mines;;;;;;;;Table;;;;
Medows;;;;Forest;;;;Fields;;;;Ocean;;;;Mines;;;;;;;;Table;;;;
Medows;;;;Forest;;;;Fields;;;;Ocean;;;;Mines;;;;;;;;Table;;;;
Medows;;;;Forest;;;;Fields;;;;Ocean;;;;Mines;;;;;;;;Table;;;;
Medows;;;;Forest;;;;Fields;;;;Ocean;;;;Mines;;;;;;;;Table;;;;
Medows;;;;Forest;;;;Fields;;;;Ocean;;;;Mines;;;;;;;;Table;;;;
Medows;;;;Forest;;;;Fields;;;;Ocean;;;;Mines;;;;;;;;Table;;;;
Medows;;;;Forest;;;;Fields;;;;Ocean;;;;Mines;;;;;;;;Table;;;;
Medows;;;;Forest;;;;Fields;;;;Ocean;;;;Mines;;;;;;;;Table;;;;
Medows;;;;Forest;;;;Fields;;;;Ocean;;;;Mines;;;;;;;;Table;;;;
Medows;;;;Forest;;;;Fields;;;;Ocean;;;;Mines;;;;;;;;Table;;;;
Medows;;;;Forest;;;;Fields;;;;Ocean;;;;Mines;;;;;;;;Table;;;;
Medows;;;;Forest;;;;Fields;;;;Ocean;;;;Mines;;;;;;;;Table;;;;
Medows;;;;Forest;;;;Fields;;;;Ocean;;;;Mines;;;;;;;;Table;;;;
Medows;;;;Forest;;;;Fields;;;;Ocean;;;;Mines;;;;;;;;Table;;;;
Medows;;;;Forest;;;;Fields;;;;Ocean;;;;Mines;;;;;;;;Table;;;;
Medows;;;;Forest;;;;Fields;;;;Ocean;;;;Mines;;;;;;;;Table;;;;
Medows;;;;Forest;;;;Fields;;;;Ocean;;;;Mines;;;;;;;;Table;;;;
Medows;;;;Forest;;;;Fields;;;;Ocean;;;;Mines;;;;;;;;Table;;;;
Medows;;;;Forest;;;;Fields;;;;Ocean;;;;Mines;;;;;;;;Table;;;;
Medows;;;;Forest;;;;Fields;;;;Ocean;;;;Mines;;;;;;;;Table;;;;
Medows;;;;Forest;;;;Fields;;;;Ocean;;;;Mines;;;;;;;;Table;;;;
Medows;;;;Forest;;;;Fields;;;;Ocean;;;;Mines;;;;;;;;Table;;;;
Medows;;;;Forest;;;;Fields;;;;Ocean;;;;Mines;;;;;;;;Table;;;;
Medows;;;;Forest;;;;Fields;;;;Ocean;;;;Mines;;;;;;;;Table;;;;
Medows;;;;Forest;;;;Fields;;;;Ocean;;;;Mines;;;;;;;;Table;;;;
Medows;;;;Forest;;;;Fields;;;;Ocean;;;;Mines;;;;;;;;Table;;;;
Medows;;;;Forest;;;;Fields;;;;Ocean;;;;Mines;;;;;;;;Table;;;;
Medows;;;;Forest;;;;Fields;;;;Ocean;;;;Mines;;;;;;;;Table;;;;
Medows;;;;Forest;;;;Fields;;;;Ocean;;;;Mines;;;;;;;;Table;;;;
Medows;;;;Forest;;;;Fields;;;;Ocean;;;;Mines;;;;;;;;Table;;;;
Medows;;;;Forest;;;;Fields;;;;Ocean;;;;Mines;;;;;;;;Table;;;;
Medows;;;;Forest;;;;Fields;;;;Ocean;;;;Mines;;;;;;;;Table;;;;
Medows;;;;Forest;;;;Fields;;;;Ocean;;;;Mines;;;;;;;;Table;;;;
Medows;;;;Forest;;;;Fields;;;;Ocean;;;;Mines;;;;;;;;Table;;;;
Medows;;;;Forest;;;;Fields;;;;Ocean;;;;Mines;;;;;;;;Table;;;;
Medows;;;;Forest;;;;Fields;;;;Ocean;;;;Mines;;;;;;;;Table;;;;
Medows;;;;Forest;;;;Fields;;;;Ocean;;;;Mines;;;;;;;;Table;;;;
Medows;;;;Forest;;;;Fields;;;;Ocean;;;;Mines;;;;;;;;Table;;;;
Medows;;;;Forest;;;;Fields;;;;Ocean;;;;Mines;;;;;;;;Table;;;;
Medows;;;;Forest;;;;Fields;;;;Ocean;;;;Mines;;;;;;;;Table;;;;
Medows;;;;Forest;;;;Fields;;;;Ocean;;;;Mines;;;;;;;;Table;;;;
Medows;;;;Forest;;;;Fields;;;;Ocean;;;;Mines;;;;;;;;Table;;;;
Medows;;;;Forest;;;;Fields;;;;Ocean;;;;Mines;;;;;;;;Table;;;;
Medows;;;;Forest;;;;Fields;;;;Ocean;;;;Mines;;;;;;;;Table;;;;
Medows;;;;Forest;;;;Fields;;;;Ocean;;;;Mines;;;;;;;;Table;;;;
Medows;;;;Forest;;;;Fields;;;;Ocean;;;;Mines;;;;;;;;Table;;;;
Medows;;;;Forest;;;;Fields;;;;Ocean;;;;Mines;;;;;;;;Table;;;;
Medows;;;;Forest;;;;Fields;;;;Ocean;;;;Mines;;;;;;;;Table;;;;
Medows;;;;Forest;;;;Fields;;;;Ocean;;;;Mines;;;;;;;;Table;;;;
Medows;;;;Forest;;;;Fields;;;;Ocean;;;;Mines;;;;;;;;Table;;;;
Medows;;;;Forest;;;;Fields;;;;Ocean;;;;Mines;;;;;;;;Table;;;;
Medows;;;;Forest;;;;Fields;;;;Ocean;;;;Mines;;;;;;;;Table;;;;
Medows;;;;Forest;;;;Fields;;;;Ocean;;;;Mines;;;;;;;;Table;;;;
Medows;;;;Forest;;;;Fields;;;;Ocean;;;;Mines;;;;;;;;Table;;;;
Medows;;;;Forest;;;;Fields;;;;Ocean;;;;Mines;;;;;;;;Table;;;;
Medows;;;;Forest;;;;Fields;;;;Ocean;;;;Mines;;;;;;;;Table;;;;
Medows;;;;Forest;;;;Fields;;;;Ocean;;;;Mines;;;;;;;;Table;;;;
Medows;;;;Forest;;;;Fields;;;;Ocean;;;;Mines;;;;;;;;Table;;;;
Medows;;;;Forest;;;;Fields;;;;Ocean;;;;Mines;;;;;;;;Table;;;;
Medows;;;;Forest;;;;Fields;;;;Ocean;;;;Mines;;;;;;;;Table;;;;
Medows;;;;Forest;;;;Fields;;;;Ocean;;;;Mines;;;;;;;;Table;;;;
Medows;;;;Forest;;;;Fields;;;;Ocean;;;;Mines;;;;;;;;Table;;;;
Medows;;;;Forest;;;;Fields;;;;Ocean;;;;Mines;;;;;;;;Table;;;;
Medows;;;;Forest;;;;Fields;;;;Ocean;;;;Mines;;;;;;;;Table;;;;
Medows;;;;Forest;;;;Fields;;;;Ocean;;;;Mines;;;;;;;;Table;;;;
Medows;;;;Forest;;;;Fields;;;;Ocean;;;;Mines;;;;;;;;Table;;;;
Medows;;;;Forest;;;;Fields;;;;Ocean;;;;Mines;;;;;;;;Table;;;;
Medows;;;;Forest;;;;Fields;;;;Ocean;;;;Mines;;;;;;;;Table;;;;
Medows;;;;Forest;;;;Fields;;;;Ocean;;;;Mines;;;;;;;;Table;;;;
Medows;;;;Forest;;;;Fields;;;;Ocean;;;;Mines;;;;;;;;Table;;;;
Medows;;;;Forest;;;;Fields;;;;Ocean;;;;Mines;;;;;;;;Table;;;;
Medows;;;;Forest;;;;Fields;;;;Ocean;;;;Mines;;;;;;;;Table;;;;
Medows;;;;Forest;;;;Fields;;;;Ocean;;;;Mines;;;;;;;;Table;;;;
Medows;;;;Forest;;;;Fields;;;;Ocean;;;;Mines;;;;;;;;Table;;;;
Medows;;;;Forest;;;;Fields;;;;Ocean;;;;Mines;;;;;;;;Table;;;;
Medows;;;;Forest;;;;Fields;;;;Ocean;;;;Mines;;;;;;;;Table;;;;
Medows;;;;Forest;;;;Fields;;;;Ocean;;;;Mines;;;;;;;;Table;;;;
Medows;;;;Forest;;;;Fields;;;;Ocean;;;;Mines;;;;;;;;Table;;;;
Medows;;;;Forest;;;;Fields;;;;Ocean;;;;Mines;;;;;;;;Table;;;;
Medows;;;;Forest;;;;Fields;;;;Ocean;;;;Mines;;;;;;;;Table;;;;
Medows;;;;Forest;;;;Fields;;;;Ocean;;;;Mines;;;;;;;;Table;;;;
Medows;39,3125;224,9232;140,5548;Forest;41,3035;194,3117;53,6427;Fields;24,1975;230,4485;165,4358;Ocean;24,6423;136,2695;102,383;Mines;30,0804;125,2495;71,9897;;;;;Table;;;;
Medows;37,8795;233,9017;125,6842;Forest;45,0976;147,7906;54,9265;Fields;26;249,0774;187,4595;Ocean;24;135;109,7321;Mines;30,3854;126,417;75,1342;;;;;Table;;;;
Medows;34;223;127,6758;Forest;33,3611;174,6899;73,1306;Fields;25,9095;245,7122;172,4231;Ocean;;;;Mines;30,9468;124,4157;74,6298;;;;;Table;;;;
Medows;45,5084;200,5858;126,322;Forest;;;;Fields;25,779;246,6903;182,1292;Ocean;;;;Mines;;;;;;;;Table;;;;
Medows;45,3845;204,9278;123,9762;Forest;;;;Fields;25,5636;237,684;177,5724;Ocean;;;;Mines;;;;;;;;Table;;;;
Medows;;;;Forest;;;;Fields;25,7292;244,4083;188,341;Ocean;;;;Mines;;;;;;;;Table;;;;
Medows;;;;Forest;;;;Fields;25,8503;245,416;192,4494;Ocean;;;;Mines;;;;;;;;Table;;;;
Medows;;;;Forest;;;;Fields;25,9152;247,4267;187,6013;Ocean;;;;Mines;;;;;;;;Table;;;;
Medows;;;;Forest;;;;Fields;25,6206;248,2798;188,0325;Ocean;;;;Mines;;;;;;;;Table;;;;
Medows;;;;Forest;;;;Fields;24,5339;230,8491;163,9373;Ocean;;;;Mines;;;;;;;;Table;;;;
Medows;;;;Forest;;;;Fields;;;;Ocean;;;;Mines;;;;;;;;Table;;;;
Medows;;;;Forest;;;;Fields;;;;Ocean;;;;Mines;;;;;;;;Table;;;;
Medows;;;;Forest;;;;Fields;;;;Ocean;;;;Mines;;;;;;;;Table;;;;
Medows;;;;Forest;;;;Fields;;;;Ocean;;;;Mines;;;;;;;;Table;;;;
Medows;;;;Forest;;;;Fields;;;;Ocean;;;;Mines;;;;;;;;Table;;;;
Medows;38,7047;192,5009;155,549;Forest;40,8728;178,7259;71,5853;Fields;25,7758;222,8316;191,9334;Ocean;24,2645;138,8007;117,6143;Mines;28,9983;113,6333;79,8493;;;;;Table;;;;
Medows;42,4302;189,2395;154,6845;Forest;42,7354;174,8728;67,2712;Fields;24,203;213,2424;178,4934;Ocean;23,2179;126,0308;126,0819;Mines;31,5535;89,5381;71,6881;;;;;Table;;;;
Medows;32,5893;193,9518;143,5088;Forest;44,8048;142,1843;62,1494;Fields;26,259;227,4426;198,4;Ocean;;;;Mines;38,954;81,4633;67,1512;;;;;Table;;;;
Medows;;;;Forest;;;;Fields;26,1839;243,1247;198,6451;Ocean;;;;Mines;;;;;;;;Table;;;;
Medows;;;;Forest;;;;Fields;27,325;232,1861;192,4433;Ocean;;;;Mines;;;;;;;;Table;;;;
Medows;;;;Forest;;;;Fields;;;;Ocean;;;;Mines;;;;;;;;Table;;;;
Medows;;;;Forest;;;;Fields;;;;Ocean;;;;Mines;;;;;;;;Table;;;;
Medows;;;;Forest;;;;Fields;;;;Ocean;;;;Mines;;;;;;;;Table;;;;
Medows;;;;Forest;;;;Fields;;;;Ocean;;;;Mines;;;;;;;;Table;;;;
Medows;;;;Forest;;;;Fields;;;;Ocean;;;;Mines;;;;;;;;Table;;;;
Medows;;;;Forest;;;;Fields;;;;Ocean;;;;Mines;;;;;;;;Table;;;;
Medows;;;;Forest;;;;Fields;;;;Ocean;;;;Mines;;;;;;;;Table;;;;
Medows;;;;Forest;;;;Fields;;;;Ocean;;;;Mines;;;;;;;;Table;;;;
Medows;;;;Forest;;;;Fields;;;;Ocean;;;;Mines;;;;;;;;Table;;;;
Medows;;;;Forest;;;;Fields;;;;Ocean;;;;Mines;;;;;;;;Table;;;;
Medows;;;;Forest;45,4311;130,5161;73,8288;Fields;25,7284;221,391;194,7561;Ocean;;;;Mines;;;;;;;;Table;;;;
Medows;;;;Forest;44,2961;149,842;69,9283;Fields;25,6823;218,9362;179,3543;Ocean;;;;Mines;;;;;;;;Table;;;;
Medows;;;;Forest;;;;Fields;29,5691;229,4122;195,8043;Ocean;;;;Mines;;;;;;;;Table;;;;
Medows;;;;Forest;;;;Fields;26,9528;231,8488;191,258;Ocean;;;;Mines;;;;;;;;Table;;;;
Medows;;;;Forest;;;;Fields;24,6252;215,4408;182,1817;Ocean;;;;Mines;;;;;;;;Table;;;;
Medows;;;;Forest;;;;Fields;;;;Ocean;;;;Mines;;;;;;;;Table;;;;
Medows;;;;Forest;;;;Fields;;;;Ocean;;;;Mines;;;;;;;;Table;;;;
Medows;;;;Forest;;;;Fields;;;;Ocean;;;;Mines;;;;;;;;Table;;;;
Medows;;;;Forest;;;;Fields;;;;Ocean;;;;Mines;;;;;;;;Table;;;;
Medows;;;;Forest;;;;Fields;;;;Ocean;;;;Mines;;;;;;;;Table;;;;
Medows;;;;Forest;;;;Fields;;;;Ocean;;;;Mines;;;;;;;;Table;;;;
Medows;;;;Forest;;;;Fields;;;;Ocean;;;;Mines;;;;;;;;Table;;;;
Medows;;;;Forest;;;;Fields;;;;Ocean;;;;Mines;;;;;;;;Table;;;;
Medows;;;;Forest;;;;Fields;;;;Ocean;;;;Mines;;;;;;;;Table;;;;
Medows;;;;Forest;;;;Fields;;;;Ocean;;;;Mines;;;;;;;;Table;;;;
Medows;;;;Forest;;;;Fields;;;;Ocean;;;;Mines;;;;;;;;Table;(3,4);18,7183;187,69;128,1367
Medows;;;;Forest;;;;Fields;;;;Ocean;;;;Mines;;;;;;;;Table;(4,4);18,7173;203,0695;128,317
Medows;;;;Forest;;;;Fields;;;;Ocean;;;;Mines;;;;;;;;Table;;;;
Medows;;;;Forest;;;;Fields;;;;Ocean;;;;Mines;;;;;;;;Table;;;;
Medows;;;;Forest;;;;Fields;;;;Ocean;;;;Mines;;;;;;;;Table;;;;
Medows;;;;Forest;;;;Fields;;;;Ocean;;;;Mines;;;;;;;;Table;;;;
Medows;;;;Forest;;;;Fields;;;;Ocean;;;;Mines;;;;;;;;Table;;;;
Medows;;;;Forest;;;;Fields;;;;Ocean;;;;Mines;;;;;;;;Table;;;;
Medows;;;;Forest;;;;Fields;;;;Ocean;;;;Mines;;;;;;;;Table;;;;
Medows;;;;Forest;;;;Fields;;;;Ocean;;;;Mines;;;;;;;;Table;;;;
Medows;;;;Forest;;;;Fields;;;;Ocean;;;;Mines;;;;;;;;Table;;;;
Medows;;;;Forest;;;;Fields;;;;Ocean;;;;Mines;;;;;;;;Table;;;;
Medows;;;;Forest;;;;Fields;;;;Ocean;;;;Mines;;;;;;;;Table;;;;
Medows;;;;Forest;;;;Fields;;;;Ocean;;;;Mines;;;;;;;;Table;;;;
Medows;;;;Forest;;;;Fields;;;;Ocean;;;;Mines;;;;;;;;Table;;;;
Medows;;;;Forest;;;;Fields;;;;Ocean;;;;Mines;;;;;;;;Table;;;;
Medows;;;;Forest;;;;Fields;;;;Ocean;;;;Mines;;;;;;;;Table;;;;
Medows;;;;Forest;;;;Fields;;;;Ocean;;;;Mines;;;;;;;;Table;;;;
Medows;;;;Forest;;;;Fields;;;;Ocean;;;;Mines;;;;;;;;Table;;;;
Medows;;;;Forest;;;;Fields;;;;Ocean;;;;Mines;;;;;;;;Table;;;;
Medows;;;;Forest;;;;Fields;;;;Ocean;;;;Mines;;;;;;;;Table;;;;
Medows;;;;Forest;;;;Fields;;;;Ocean;;;;Mines;;;;;;;;Table;;;;
Medows;;;;Forest;;;;Fields;;;;Ocean;;;;Mines;;;;;;;;Table;;;;
Medows;;;;Forest;;;;Fields;;;;Ocean;;;;Mines;;;;;;;;Table;;;;
Medows;;;;Forest;;;;Fields;;;;Ocean;;;;Mines;;;;;;;;Table;;;;
Medows;;;;Forest;;;;Fields;;;;Ocean;;;;Mines;;;;;;;;Table;;;;
Medows;;;;Forest;;;;Fields;;;;Ocean;;;;Mines;;;;;;;;Table;;;;
Medows;;;;Forest;;;;Fields;;;;Ocean;;;;Mines;;;;;;;;Table;;;;
Medows;;;;Forest;;;;Fields;;;;Ocean;;;;Mines;;;;;;;;Table;;;;
Medows;;;;Forest;;;;Fields;;;;Ocean;;;;Mines;;;;;;;;Table;;;;
Medows;;;;Forest;;;;Fields;;;;Ocean;;;;Mines;;;;;;;;Table;;;;
Medows;;;;Forest;;;;Fields;;;;Ocean;;;;Mines;;;;;;;;Table;;;;
Medows;;;;Forest;;;;Fields;;;;Ocean;;;;Mines;;;;;;;;Table;;;;
Medows;;;;Forest;;;;Fields;;;;Ocean;;;;Mines;;;;;;;;Table;;;;
Medows;;;;Forest;;;;Fields;;;;Ocean;;;;Mines;;;;;;;;Table;;;;
Medows;;;;Forest;;;;Fields;;;;Ocean;;;;Mines;;;;;;;;Table;;;;
Medows;;;;Forest;;;;Fields;;;;Ocean;;;;Mines;;;;;;;;Table;;;;
Medows;;;;Forest;;;;Fields;;;;Ocean;;;;Mines;;;;;;;;Table;;;;
Medows;;;;Forest;;;;Fields;;;;Ocean;;;;Mines;;;;;;;;Table;;;;
Medows;;;;Forest;;;;Fields;;;;Ocean;;;;Mines;;;;;;;;Table;;;;
Medows;;;;Forest;;;;Fields;;;;Ocean;;;;Mines;;;;;;;;Table;;;;
Medows;;;;Forest;;;;Fields;;;;Ocean;;;;Mines;;;;;;;;Table;;;;
Medows;;;;Forest;;;;Fields;;;;Ocean;;;;Mines;;;;;;;;Table;;;;
Medows;;;;Forest;;;;Fields;;;;Ocean;;;;Mines;;;;;;;;Table;;;;
Medows;;;;Forest;;;;Fields;;;;Ocean;;;;Mines;;;;;;;;Table;;;;
Medows;;;;Forest;;;;Fields;;;;Ocean;;;;Mines;;;;;;;;Table;;;;
Medows;;;;Forest;;;;Fields;;;;Ocean;;;;Mines;;;;;;;;Table;;;;
Medows;;;;Forest;;;;Fields;;;;Ocean;;;;Mines;;;;;;;;Table;;;;
Medows;;;;Forest;;;;Fields;;;;Ocean;;;;Mines;;;;;;;;Table;;;;
Medows;;;;Forest;;;;Fields;;;;Ocean;;;;Mines;;;;;;;;Table;;;;
Medows;;;;Forest;;;;Fields;;;;Ocean;;;;Mines;;;;;;;;Table;;;;
Medows;;;;Forest;;;;Fields;;;;Ocean;;;;Mines;;;;;;;;Table;;;;
Medows;;;;Forest;;;;Fields;;;;Ocean;;;;Mines;;;;;;;;Table;;;;
Medows;;;;Forest;;;;Fields;;;;Ocean;;;;Mines;;;;;;;;Table;;;;
Medows;;;;Forest;;;;Fields;;;;Ocean;;;;Mines;;;;;;;;Table;;;;
Medows;;;;Forest;;;;Fields;;;;Ocean;;;;Mines;;;;;;;;Table;;;;
Medows;;;;Forest;;;;Fields;;;;Ocean;;;;Mines;;;;;;;;Table;;;;
Medows;;;;Forest;;;;Fields;;;;Ocean;;;;Mines;;;;;;;;Table;;;;
Medows;;;;Forest;;;;Fields;;;;Ocean;;;;Mines;;;;;;;;Table;;;;
Medows;;;;Forest;;;;Fields;;;;Ocean;;;;Mines;;;;;;;;Table;;;;
Medows;;;;Forest;;;;Fields;;;;Ocean;;;;Mines;;;;;;;;Table;;;;
Medows;;;;Forest;;;;Fields;;;;Ocean;;;;Mines;;;;;;;;Table;;;;
Medows;;;;Forest;;;;Fields;;;;Ocean;;;;Mines;;;;;;;;Table;;;;
Medows;;;;Forest;;;;Fields;;;;Ocean;;;;Mines;;;;;;;;Table;;;;
Medows;;;;Forest;;;;Fields;;;;Ocean;;;;Mines;;;;;;;;Table;;;;
Medows;;;;Forest;;;;Fields;;;;Ocean;;;;Mines;;;;;;;;Table;;;;
Medows;;;;Forest;;;;Fields;;;;Ocean;;;;Mines;;;;;;;;Table;;;;
Medows;;;;Forest;;;;Fields;;;;Ocean;;;;Mines;;;;;;;;Table;;;;
Medows;;;;Forest;;;;Fields;;;;Ocean;;;;Mines;;;;;;;;Table;;;;
Medows;;;;Forest;;;;Fields;;;;Ocean;;;;Mines;;;;;;;;Table;;;;
Medows;;;;Forest;;;;Fields;;;;Ocean;;;;Mines;;;;;;;;Table;;;;
Medows;;;;Forest;;;;Fields;;;;Ocean;;;;Mines;;;;;;;;Table;;;;
Medows;;;;Forest;;;;Fields;;;;Ocean;;;;Mines;;;;;;;;Table;;;;
Medows;;;;Forest;;;;Fields;;;;Ocean;;;;Mines;;;;;;;;Table;;;;
Medows;;;;Forest;;;;Fields;;;;Ocean;;;;Mines;;;;;;;;Table;;;;
Medows;;;;Forest;;;;Fields;;;;Ocean;;;;Mines;;;;;;;;Table;;;;
Medows;;;;Forest;;;;Fields;;;;Ocean;;;;Mines;;;;;;;;Table;;;;
Medows;;;;Forest;;;;Fields;;;;Ocean;;;;Mines;;;;;;;;Table;;;;
Medows;;;;Forest;;;;Fields;;;;Ocean;;;;Mines;;;;;;;;Table;;;;
Medows;;;;Forest;;;;Fields;;;;Ocean;;;;Mines;;;;;;;;Table;;;;
Medows;;;;Forest;;;;Fields;;;;Ocean;;;;Mines;;;;;;;;Table;;;;
Medows;;;;Forest;;;;Fields;;;;Ocean;;;;Mines;;;;;;;;Table;;;;
Medows;;;;Forest;;;;Fields;;;;Ocean;;;;Mines;;;;;;;;Table;;;;
Medows;;;;Forest;;;;Fields;;;;Ocean;;;;Mines;;;;;;;;Table;;;;
Medows;;;;Forest;;;;Fields;;;;Ocean;;;;Mines;;;;;;;;Table;;;;
Medows;;;;Forest;;;;Fields;;;;Ocean;;;;Mines;;;;;;;;Table;;;;
Medows;;;;Forest;;;;Fields;;;;Ocean;;;;Mines;;;;;;;;Table;;;;
Medows;;;;Forest;;;;Fields;;;;Ocean;;;;Mines;;;;;;;;Table;;;;
Medows;;;;Forest;;;;Fields;;;;Ocean;;;;Mines;;;;;;;;Table;;;;
Medows;;;;Forest;;;;Fields;;;;Ocean;;;;Mines;;;;;;;;Table;;;;
Medows;;;;Forest;;;;Fields;;;;Ocean;;;;Mines;;;;;;;;Table;;;;
Medows;;;;Forest;;;;Fields;;;;Ocean;;;;Mines;;;;;;;;Table;;;;
Medows;;;;Forest;;;;Fields;;;;Ocean;;;;Mines;;;;;;;;Table;;;;
Medows;;;;Forest;;;;Fields;;;;Ocean;;;;Mines;;;;;;;;Table;;;;
Medows;;;;Forest;;;;Fields;;;;Ocean;;;;Mines;;;;;;;;Table;;;;
Medows;;;;Forest;;;;Fields;;;;Ocean;;;;Mines;;;;;;;;Table;;;;
Medows;;;;Forest;;;;Fields;;;;Ocean;;;;Mines;;;;;;;;Table;;;;
Medows;;;;Forest;;;;Fields;;;;Ocean;;;;Mines;;;;;;;;Table;;;;
Medows;;;;Forest;;;;Fields;;;;Ocean;;;;Mines;;;;;;;;Table;;;;
Medows;;;;Forest;;;;Fields;;;;Ocean;;;;Mines;;;;;;;;Table;;;;
Medows;;;;Forest;;;;Fields;;;;Ocean;;;;Mines;;;;;;;;Table;;;;
Medows;;;;Forest;;;;Fields;;;;Ocean;;;;Mines;;;;;;;;Table;;;;
Medows;;;;Forest;;;;Fields;;;;Ocean;;;;Mines;;;;;;;;Table;;;;
Medows;;;;Forest;;;;Fields;;;;Ocean;;;;Mines;;;;;;;;Table;;;;
Medows;;;;Forest;;;;Fields;;;;Ocean;;;;Mines;;;;;;;;Table;;;;
Medows;;;;Forest;;;;Fields;;;;Ocean;;;;Mines;;;;;;;;Table;;;;
Medows;;;;Forest;;;;Fields;;;;Ocean;;;;Mines;;;;;;;;Table;;;;
Medows;;;;Forest;;;;Fields;;;;Ocean;;;;Mines;;;;;;;;Table;;;;
Medows;;;;Forest;;;;Fields;;;;Ocean;;;;Mines;;;;;;;;Table;;;;
Medows;;;;Forest;;;;Fields;;;;Ocean;;;;Mines;;;;;;;;Table;;;;
Medows;;;;Forest;;;;Fields;;;;Ocean;;;;Mines;;;;;;;;Table;;;;
Medows;;;;Forest;;;;Fields;;;;Ocean;;;;Mines;;;;;;;;Table;;;;
Medows;;;;Forest;;;;Fields;;;;Ocean;;;;Mines;;;;;;;;Table;;;;
Medows;;;;Forest;;;;Fields;;;;Ocean;;;;Mines;;;;;;;;Table;;;;
Medows;;;;Forest;;;;Fields;;;;Ocean;;;;Mines;;;;;;;;Table;;;;
Medows;;;;Forest;;;;Fields;;;;Ocean;;;;Mines;;;;;;;;Table;;;;
Medows;;;;Forest;;;;Fields;;;;Ocean;;;;Mines;;;;;;;;Table;;;;
Medows;;;;Forest;;;;Fields;;;;Ocean;;;;Mines;;;;;;;;Table;;;;
Medows;;;;Forest;;;;Fields;;;;Ocean;;;;Mines;;;;;;;;Table;;;;
Medows;;;;Forest;;;;Fields;;;;Ocean;;;;Mines;;;;;;;;Table;;;;
Medows;44,9097;219,5125;102,3928;Forest;44,2007;95,1138;51,0296;Fields;25,2975;250,6167;157,4941;Ocean;23,2888;115,4098;78,7538;Mines;41,6246;92,8607;50,43;;;;;Table;;;;
Medows;43,449;205,2521;110,0384;Forest;45,0536;131,5835;44,7417;Fields;25,4184;248,6606;157,3266;Ocean;20,1137;158,7524;74,057;Mines;49,7611;66,1678;46,7319;;;;;Table;;;;
Medows;44,7335;195,2809;106,2188;Forest;;;;Fields;25,4413;251,0757;162,305;Ocean;24,7498;130,6662;72,2139;Mines;;;;;;;;Table;;;;
Medows;36,2486;196,1126;90,9712;Forest;;;;Fields;25,1815;244,5464;149,1627;Ocean;21,7327;102,8071;80,3385;Mines;;;;;;;;Table;;;;
Medows;43,6734;217,414;112,0291;Forest;;;;Fields;25,229;249,5881;160,131;Ocean;25,2225;124,4538;77,8113;Mines;;;;;;;;Table;;;;
Medows;41,7854;209,4489;108,5534;Forest;;;;Fields;25,6965;238,6621;158,3671;Ocean;;;;Mines;;;;;;;;Table;;;;
Medows;;;;Forest;;;;Fields;23,6124;224,2756;140,785;Ocean;;;;Mines;;;;;;;;Table;;;;
Medows;;;;Forest;;;;Fields;25,525;237,6372;157,811;Ocean;;;;Mines;;;;;;;;Table;;;;
Medows;;;;Forest;;;;Fields;;;;Ocean;;;;Mines;;;;;;;;Table;;;;
Medows;;;;Forest;;;;Fields;;;;Ocean;;;;Mines;;;;;;;;Table;;;;
Medows;;;;Forest;;;;Fields;;;;Ocean;;;;Mines;;;;;;;;Table;;;;
Medows;;;;Forest;;;;Fields;;;;Ocean;;;;Mines;;;;;;;;Table;;;;
Medows;;;;Forest;;;;Fields;;;;Ocean;;;;Mines;;;;;;;;Table;;;;
Medows;;;;Forest;;;;Fields;;;;Ocean;;;;Mines;;;;;;;;Table;;;;
Medows;;;;Forest;;;;Fields;;;;Ocean;;;;Mines;;;;;;;;Table;;;;
Medows;;;;Forest;57,906;89,194;41,7638;Fields;24,7891;238,4697;160,2766;Ocean;24,0305;84,3955;77,3527;Mines;42,4726;112,3309;64,6378;;;;;Table;;;;
Medows;;;;Forest;61,0016;90,4352;40,5973;Fields;24,4445;242,5143;162,5845;Ocean;21,4522;50,282;96,2269;Mines;52,3009;94,3992;51,4024;;;;;Table;;;;
Medows;;;;Forest;58,661;93,3593;40,7565;Fields;24,8638;251,0464;165,5102;Ocean;24,9783;105,6305;87,0146;Mines;50,5659;81,3502;50,2716;;;;;Table;;;;
Medows;;;;Forest;41,763;98,7048;51,3786;Fields;24,8925;249,3308;168,0841;Ocean;;;;Mines;51,2224;96,8871;52,7262;;;;;Table;;;;
Medows;;;;Forest;51,0526;112,7774;39,8327;Fields;25,04;250,0826;165,3346;Ocean;;;;Mines;;;;;;;;Table;;;;
Medows;;;;Forest;;;;Fields;24,8967;223,8186;140,9694;Ocean;;;;Mines;;;;;;;;Table;;;;
Medows;;;;Forest;;;;Fields;;;;Ocean;;;;Mines;;;;;;;;Table;;;;
Medows;;;;Forest;;;;Fields;;;;Ocean;;;;Mines;;;;;;;;Table;;;;
Medows;;;;Forest;;;;Fields;;;;Ocean;;;;Mines;;;;;;;;Table;;;;
Medows;;;;Forest;;;;Fields;;;;Ocean;;;;Mines;;;;;;;;Table;;;;
Medows;;;;Forest;;;;Fields;;;;Ocean;;;;Mines;;;;;;;;Table;;;;
Medows;;;;Forest;;;;Fields;;;;Ocean;;;;Mines;;;;;;;;Table;;;;
Medows;;;;Forest;;;;Fields;;;;Ocean;;;;Mines;;;;;;;;Table;;;;
Medows;;;;Forest;;;;Fields;;;;Ocean;;;;Mines;;;;;;;;Table;;;;
Medows;;;;Forest;;;;Fields;;;;Ocean;;;;Mines;;;;;;;;Table;;;;
Medows;40,5768;209,8795;126,8472;Forest;33,8575;156,6786;58,5279;Fields;24,3688;249,4794;174,8558;Ocean;22,9985;132,7586;84,7717;Mines;;;;;;;;Table;;;;
Medows;39,1228;218,6917;128,3852;Forest;41,5085;154,9022;47,7375;Fields;22,8937;231,6153;156,1925;Ocean;;;;Mines;;;;;;;;Table;;;;
Medows;42,7542;205,9005;126,4817;Forest;43,3193;156,0558;46,8743;Fields;24,8992;248,4181;174,8019;Ocean;;;;Mines;;;;;;;;Table;;;;
Medows;40,4846;212,9227;122,6872;Forest;41,9767;165,599;53,6389;Fields;23,5443;232,1736;158,2827;Ocean;;;;Mines;;;;;;;;Table;;;;
Medows;42,027;201,6557;124,5492;Forest;40,7097;163,8206;52,5987;Fields;27,3938;234,4459;158,0331;Ocean;;;;Mines;;;;;;;;Table;;;;
Medows;33,0384;191,9254;95,1877;Forest;37,9847;144,2324;57,0807;Fields;;;;Ocean;;;;Mines;;;;;;;;Table;;;;
Medows;;;;Forest;34,5952;167,8841;69,8618;Fields;;;;Ocean;;;;Mines;;;;;;;;Table;;;;
Medows;;;;Forest;35,1978;160,5423;59,4214;Fields;;;;Ocean;;;;Mines;;;;;;;;Table;;;;
Medows;;;;Forest;;;;Fields;;;;Ocean;;;;Mines;;;;;;;;Table;;;;
Medows;;;;Forest;;;;Fields;;;;Ocean;;;;Mines;;;;;;;;Table;;;;
Medows;;;;Forest;;;;Fields;;;;Ocean;;;;Mines;;;;;;;;Table;;;;
Medows;;;;Forest;;;;Fields;;;;Ocean;;;;Mines;;;;;;;;Table;;;;
Medows;;;;Forest;;;;Fields;;;;Ocean;;;;Mines;;;;;;;;Table;;;;
Medows;;;;Forest;;;;Fields;;;;Ocean;;;;Mines;;;;;;;;Table;;;;
Medows;;;;Forest;;;;Fields;;;;Ocean;;;;Mines;;;;;;;;Table;;;;
Medows;30,8148;178,169;93,497;Forest;48,3973;110,2102;42,9732;Fields;26,0637;247,6901;152,9807;Ocean;29,8449;98,9847;87,5145;Mines;;;;;;;;Table;;;;
Medows;;;;Forest;45,1342;138,4694;40,2944;Fields;25,4712;250,5118;154,7759;Ocean;;;;Mines;;;;;;;;Table;;;;
Medows;;;;Forest;43,9895;142,5344;41,6547;Fields;30,114;213,7375;130,5125;Ocean;;;;Mines;;;;;;;;Table;;;;
Medows;;;;Forest;44,2036;165,1909;38,2416;Fields;26,0335;242,3776;154,2206;Ocean;;;;Mines;;;;;;;;Table;;;;
Medows;;;;Forest;45,5663;158,7057;44,437;Fields;31,1996;226,4584;143,6789;Ocean;;;;Mines;;;;;;;;Table;;;;
Medows;;;;Forest;42,3324;155,56;46,9026;Fields;25,2509;250,7906;166,1926;Ocean;;;;Mines;;;;;;;;Table;;;;
Medows;;;;Forest;44,1064;172,0138;38,6234;Fields;24,8242;251,1695;170,1215;Ocean;;;;Mines;;;;;;;;Table;;;;
Medows;;;;Forest;;;;Fields;;;;Ocean;;;;Mines;;;;;;;;Table;;;;
Medows;;;;Forest;;;;Fields;;;;Ocean;;;;Mines;;;;;;;;Table;;;;
Medows;;;;Forest;;;;Fields;;;;Ocean;;;;Mines;;;;;;;;Table;;;;
Medows;;;;Forest;;;;Fields;;;;Ocean;;;;Mines;;;;;;;;Table;;;;
Medows;;;;Forest;;;;Fields;;;;Ocean;;;;Mines;;;;;;;;Table;;;;
Medows;;;;Forest;;;;Fields;;;;Ocean;;;;Mines;;;;;;;;Table;;;;
Medows;;;;Forest;;;;Fields;;;;Ocean;;;;Mines;;;;;;;;Table;;;;
Medows;;;;Forest;;;;Fields;;;;Ocean;;;;Mines;;;;;;;;Table;;;;
Medows;47,6424;203,6478;97,1442;Forest;43,046;89,9237;51,5692;Fields;25,4203;251,6768;155,4288;Ocean;23,7261;116,5567;78,9442;Mines;35,5987;94,5285;53,25;;;;;Table;;;;
Medows;44,4043;190,678;111,771;Forest;43,0042;143,4774;43,3785;Fields;25,1369;250,2228;160,5571;Ocean;20,7455;166,3387;73,8972;Mines;49,1475;72,4762;50,3317;;;;;Table;;;;
Medows;43,5635;188,9937;111,6686;Forest;;;;Fields;25,458;250,4833;163,3135;Ocean;23,7315;134,1783;76,1163;Mines;;;;;;;;Table;;;;
Medows;35,0722;184,2977;95,6844;Forest;;;;Fields;25,7079;239,8539;147,8333;Ocean;21,9624;109,4835;81,424;Mines;;;;;;;;Table;;;;
Medows;42,6339;217,3498;112,89;Forest;;;;Fields;25,1048;247,5894;163,4859;Ocean;24,6677;133,5089;77,658;Mines;;;;;;;;Table;;;;
Medows;39,7351;215,7429;107,858;Forest;;;;Fields;25,4479;238,7603;160,7622;Ocean;;;;Mines;;;;;;;;Table;;;;
Medows;;;;Forest;;;;Fields;23,9738;217,3651;141,7921;Ocean;;;;Mines;;;;;;;;Table;;;;
Medows;;;;Forest;;;;Fields;25,2658;241,7891;158,6065;Ocean;;;;Mines;;;;;;;;Table;;;;
Medows;;;;Forest;;;;Fields;;;;Ocean;;;;Mines;;;;;;;;Table;;;;
Medows;;;;Forest;;;;Fields;;;;Ocean;;;;Mines;;;;;;;;Table;;;;
Medows;;;;Forest;;;;Fields;;;;Ocean;;;;Mines;;;;;;;;Table;;;;
Medows;;;;Forest;;;;Fields;;;;Ocean;;;;Mines;;;;;;;;Table;;;;
Medows;;;;Forest;;;;Fields;;;;Ocean;;;;Mines;;;;;;;;Table;;;;
Medows;;;;Forest;;;;Fields;;;;Ocean;;;;Mines;;;;;;;;Table;;;;
Medows;;;;Forest;;;;Fields;;;;Ocean;;;;Mines;;;;;;;;Table;;;;
Medows;;;;Forest;54,5886;99,6564;46,7402;Fields;24,9322;233,8066;159,0276;Ocean;22,3097;84,6826;77,613;Mines;34,556;123,6306;71,8502;;;;;Table;;;;
Medows;;;;Forest;56,7252;93,9902;43,1922;Fields;24,4932;240,4133;164,2454;Ocean;21,6457;57,6816;98,5633;Mines;48,6436;98,0786;53,8154;;;;;Table;;;;
Medows;;;;Forest;52,5161;103,0693;42,1657;Fields;24,8972;251,4345;166,6239;Ocean;26,4088;100,9589;87,4739;Mines;52,2433;89,568;54,4316;;;;;Table;;;;
Medows;;;;Forest;37,6206;112,387;53,5461;Fields;25,1216;249,15;169,8765;Ocean;;;;Mines;46,8278;97,2342;55,7856;;;;;Table;;;;
Medows;;;;Forest;53,2955;118,6453;40,813;Fields;25,0215;252,4835;169,6437;Ocean;;;;Mines;;;;;;;;Table;;;;
Medows;;;;Forest;;;;Fields;25,076;225,1472;143,5304;Ocean;;;;Mines;;;;;;;;Table;;;;
Medows;;;;Forest;;;;Fields;;;;Ocean;;;;Mines;;;;;;;;Table;;;;
Medows;;;;Forest;;;;Fields;;;;Ocean;;;;Mines;;;;;;;;Table;;;;
Medows;;;;Forest;;;;Fields;;;;Ocean;;;;Mines;;;;;;;;Table;;;;
Medows;;;;Forest;;;;Fields;;;;Ocean;;;;Mines;;;;;;;;Table;;;;
Medows;;;;Forest;;;;Fields;;;;Ocean;;;;Mines;;;;;;;;Table;;;;
Medows;;;;Forest;;;;Fields;;;;Ocean;;;;Mines;;;;;;;;Table;;;;
Medows;;;;Forest;;;;Fields;;;;Ocean;;;;Mines;;;;;;;;Table;;;;
Medows;;;;Forest;;;;Fields;;;;Ocean;;;;Mines;;;;;;;;Table;;;;
Medows;;;;Forest;;;;Fields;;;;Ocean;;;;Mines;;;;;;;;Table;;;;
Medows;40,5039;200,4285;124,8801;Forest;33,948;157,8642;61,1313;Fields;24,268;248,253;174,66;Ocean;22,02;123,0235;89,2871;Mines;;;;;;;;Table;;;;
Medows;38,6433;219,1474;127,0758;Forest;41,505;153,3725;50,1421;Fields;22,9894;230,4402;156,5315;Ocean;;;;Mines;;;;;;;;Table;;;;
Medows;43,6131;209,6911;113,8869;Forest;43,1287;145,1637;48,2379;Fields;25,012;246,8724;175,978;Ocean;;;;Mines;;;;;;;;Table;;;;
Medows;43,277;217,9316;85,2445;Forest;42,362;155,0814;52,3834;Fields;24,0366;233,0469;156,5805;Ocean;;;;Mines;;;;;;;;Table;;;;
Medows;45,1899;197,9238;91,3432;Forest;40,881;165,5277;51,6383;Fields;30,143;234,2465;119,3991;Ocean;;;;Mines;;;;;;;;Table;;;;
Medows;35,8248;188,7369;75,3475;Forest;38,0106;149,1558;52,333;Fields;;;;Ocean;;;;Mines;;;;;;;;Table;;;;
Medows;;;;Forest;38,1635;162,1942;52,4946;Fields;;;;Ocean;;;;Mines;;;;;;;;Table;;;;
Medows;;;;Forest;38,9314;142,4673;41,0104;Fields;;;;Ocean;;;;Mines;;;;;;;;Table;;;;
Medows;;;;Forest;;;;Fields;;;;Ocean;;;;Mines;;;;;;;;Table;;;;
Medows;;;;Forest;;;;Fields;;;;Ocean;;;;Mines;;;;;;;;Table;;;;
Medows;;;;Forest;;;;Fields;;;;Ocean;;;;Mines;;;;;;;;Table;;;;
Medows;;;;Forest;;;;Fields;;;;Ocean;;;;Mines;;;;;;;;Table;;;;
Medows;;;;Forest;;;;Fields;;;;Ocean;;;;Mines;;;;;;;;Table;;;;
Medows;;;;Forest;;;;Fields;;;;Ocean;;;;Mines;;;;;;;;Table;;;;
Medows;;;;Forest;;;;Fields;;;;Ocean;;;;Mines;;;;;;;;Table;;;;
Medows;31,4881;180,5111;111,7076;Forest;43,441;144,1356;50,1463;Fields;24,6564;242,7629;166,4846;Ocean;20,835;89,8038;103,2674;Mines;47,856;98,5456;59,2825;;;;;Table;;;;
Medows;44,4231;187,6448;119,2501;Forest;42,6973;152,0719;48,0126;Fields;23,5846;225,9293;149,4166;Ocean;24,8347;114,4904;90,0174;Mines;43,2036;112,7208;67,8574;;;;;Table;;;;
Medows;;;;Forest;38,8838;145,3686;55,5883;Fields;25,5291;241,7412;170,1281;Ocean;;;;Mines;;;;;;;;Table;;;;
Medows;;;;Forest;43,6147;160,4529;51,9002;Fields;25,3006;245,316;169,9344;Ocean;;;;Mines;;;;;;;;Table;;;;
Medows;;;;Forest;;;;Fields;25,8336;245,8345;172,0962;Ocean;;;;Mines;;;;;;;;Table;;;;
Medows;;;;Forest;;;;Fields;25,0527;248,3872;170,8783;Ocean;;;;Mines;;;;;;;;Table;;;;
Medows;;;;Forest;;;;Fields;24,7973;248,6765;175,7709;Ocean;;;;Mines;;;;;;;;Table;;;;
Medows;;;;Forest;;;;Fields;;;;Ocean;;;;Mines;;;;;;;;Table;;;;
Medows;;;;Forest;;;;Fields;;;;Ocean;;;;Mines;;;;;;;;Table;;;;
Medows;;;;Forest;;;;Fields;;;;Ocean;;;;Mines;;;;;;;;Table;;;;
Medows;;;;Forest;;;;Fields;;;;Ocean;;;;Mines;;;;;;;;Table;;;;
Medows;;;;Forest;;;;Fields;;;;Ocean;;;;Mines;;;;;;;;Table;;;;
Medows;;;;Forest;;;;Fields;;;;Ocean;;;;Mines;;;;;;;;Table;;;;
Medows;;;;Forest;;;;Fields;;;;Ocean;;;;Mines;;;;;;;;Table;;;;
Medows;;;;Forest;;;;Fields;;;;Ocean;;;;Mines;;;;;;;;Table;;;;
Medows;;;;Forest;53,0116;108,8861;40,6702;Fields;23,2241;211,9941;142,9648;Ocean;21,681;81,4863;77,2486;Mines;48,022;92,5853;46,8292;;;;;Table;;;;
Medows;;;;Forest;47,7994;106,4561;40,5085;Fields;24,5748;235,741;163,1321;Ocean;;;;Mines;;;;;;;;Table;;;;
Medows;;;;Forest;47,5839;85,5429;51,9645;Fields;27,5244;236,8146;164,9279;Ocean;;;;Mines;;;;;;;;Table;;;;
Medows;;;;Forest;57,6399;87,7989;39,0298;Fields;24,5298;238,3358;156,8286;Ocean;;;;Mines;;;;;;;;Table;;;;
Medows;;;;Forest;56,3117;89,9367;38,0164;Fields;24,7015;247,3296;166,4471;Ocean;;;;Mines;;;;;;;;Table;;;;
Medows;;;;Forest;53,9603;102,728;44,255;Fields;24,4973;242,4002;167,5075;Ocean;;;;Mines;;;;;;;;Table;;;;
Medows;;;;Forest;48,2058;109,8871;36,7858;Fields;24,9166;245,6321;169,3439;Ocean;;;;Mines;;;;;;;;Table;;;;
Medows;;;;Forest;40,5097;132,1155;45,2144;Fields;24,8997;242,6918;166,1695;Ocean;;;;Mines;;;;;;;;Table;;;;
Medows;;;;Forest;42,0923;111,7103;46,6236;Fields;;;;Ocean;;;;Mines;;;;;;;;Table;;;;
Medows;;;;Forest;;;;Fields;;;;Ocean;;;;Mines;;;;;;;;Table;;;;
Medows;;;;Forest;;;;Fields;;;;Ocean;;;;Mines;;;;;;;;Table;;;;
Medows;;;;Forest;;;;Fields;;;;Ocean;;;;Mines;;;;;;;;Table;;;;
Medows;;;;Forest;;;;Fields;;;;Ocean;;;;Mines;;;;;;;;Table;;;;
Medows;;;;Forest;;;;Fields;;;;Ocean;;;;Mines;;;;;;;;Table;;;;
Medows;;;;Forest;;;;Fields;;;;Ocean;;;;Mines;;;;;;;;Table;;;;
Medows;39,4256;207,2514;125,3549;Forest;35,0668;149,2656;64,1037;Fields;24,05;227,8857;152,3554;Ocean;26,6648;137,0613;76,1548;Mines;53,2554;75,3924;50,0956;;;;;Table;;;;
Medows;39,5827;220,0264;121,3426;Forest;42,5178;155,8842;47,2561;Fields;23,5374;221,14;152,56;Ocean;;;;Mines;47,0801;72,686;48,39;;;;;Table;;;;
Medows;42,1502;209,1479;126,5389;Forest;42,3761;149,2933;48,8199;Fields;23,8588;225,5632;150,351;Ocean;;;;Mines;;;;;;;;Table;;;;
Medows;38,8465;203,6992;104,001;Forest;;;;Fields;26,8521;231,8148;160,5633;Ocean;;;;Mines;;;;;;;;Table;;;;
Medows;42,2545;226,5354;105,4136;Forest;;;;Fields;25,3934;250,4793;146,6407;Ocean;;;;Mines;;;;;;;;Table;;;;
Medows;35,2578;216,3893;88,1685;Forest;;;;Fields;;;;Ocean;;;;Mines;;;;;;;;Table;;;;
Medows;44,6725;203,6116;103,8597;Forest;;;;Fields;;;;Ocean;;;;Mines;;;;;;;;Table;;;;
Medows;37,2986;190,1781;73,5557;Forest;;;;Fields;;;;Ocean;;;;Mines;;;;;;;;Table;;;;
Medows;45,1538;201,0962;83,8693;Forest;;;;Fields;;;;Ocean;;;;Mines;;;;;;;;Table;;;;
Medows;44,7208;182,8394;85,964;Forest;;;;Fields;;;;Ocean;;;;Mines;;;;;;;;Table;;;;
Medows;49,3145;162,7603;85,8003;Forest;;;;Fields;;;;Ocean;;;;Mines;;;;;;;;Table;;;;
Medows;;;;Forest;;;;Fields;;;;Ocean;;;;Mines;;;;;;;;Table;;;;
Medows;;;;Forest;;;;Fields;;;;Ocean;;;;Mines;;;;;;;;Table;;;;
Medows;;;;Forest;;;;Fields;;;;Ocean;;;;Mines;;;;;;;;Table;;;;
Medows;;;;Forest;;;;Fields;;;;Ocean;;;;Mines;;;;;;;;Table;;;;
Medows;31,9873;181,3362;110,2379;Forest;45;144;47,4879;Fields;25;245,2853;165,6847;Ocean;20,9552;87,8509;100,2745;Mines;47,0449;98,8926;56,7378;;;;;Table;;;;
Medows;44,5864;187,6074;118,0639;Forest;42,8954;151,493;45,8882;Fields;23,8538;226,5741;149,695;Ocean;25;117;90,1224;Mines;40,3953;111,323;65,3807;;;;;Table;;;;
Medows;;;;Forest;40,9983;148,1003;54,7005;Fields;25,5506;241,9589;170,0696;Ocean;;;;Mines;;;;;;;;Table;;;;
Medows;;;;Forest;43,9341;160,0712;47,6647;Fields;25,3428;245,318;169,8425;Ocean;;;;Mines;;;;;;;;Table;;;;
Medows;;;;Forest;;;;Fields;26,7124;247,9242;169,9489;Ocean;;;;Mines;;;;;;;;Table;;;;
Medows;;;;Forest;;;;Fields;25,0619;247,6577;169,9245;Ocean;;;;Mines;;;;;;;;Table;;;;
Medows;;;;Forest;;;;Fields;24,857;249,6958;173,6059;Ocean;;;;Mines;;;;;;;;Table;;;;
Medows;;;;Forest;;;;Fields;;;;Ocean;;;;Mines;;;;;;;;Table;;;;
Medows;;;;Forest;;;;Fields;;;;Ocean;;;;Mines;;;;;;;;Table;;;;
Medows;;;;Forest;;;;Fields;;;;Ocean;;;;Mines;;;;;;;;Table;;;;
Medows;;;;Forest;;;;Fields;;;;Ocean;;;;Mines;;;;;;;;Table;;;;
Medows;;;;Forest;;;;Fields;;;;Ocean;;;;Mines;;;;;;;;Table;;;;
Medows;;;;Forest;;;;Fields;;;;Ocean;;;;Mines;;;;;;;;Table;;;;
Medows;;;;Forest;;;;Fields;;;;Ocean;;;;Mines;;;;;;;;Table;;;;
Medows;;;;Forest;;;;Fields;;;;Ocean;;;;Mines;;;;;;;;Table;;;;
Medows;40,4986;204,47;111,6517;Forest;44;174;43,5945;Fields;25;248,1389;156,7387;Ocean;22,1652;132,2545;75,7967;Mines;46,05;87,8738;52,3196;;;;;Table;;;;
Medows;;;;Forest;56,2933;146,5058;50,8129;Fields;25,2408;251,919;159,8049;Ocean;22;47;92,3292;Mines;;;;;;;;Table;;;;
Medows;;;;Forest;45,736;127,893;47,632;Fields;25,6469;248,2862;158,3018;Ocean;24;123,2476;76,3619;Mines;;;;;;;;Table;;;;
Medows;;;;Forest;47,582;126,715;47,6402;Fields;26,1482;245,5326;154,5259;Ocean;23,5405;93,8089;75,7701;Mines;;;;;;;;Table;;;;
Medows;;;;Forest;41,7188;117,2896;51,9989;Fields;25,883;245,3592;161,8532;Ocean;21,8378;109,1947;79,3935;Mines;;;;;;;;Table;;;;
Medows;;;;Forest;48,6457;117,3142;43,964;Fields;25,3162;238,6414;164,586;Ocean;26,3095;63,1255;87,3559;Mines;;;;;;;;Table;;;;
Medows;;;;Forest;53,0858;128,7271;46,514;Fields;23,4603;209,0426;143,6223;Ocean;;;;Mines;;;;;;;;Table;;;;
Medows;;;;Forest;;;;Fields;;;;Ocean;;;;Mines;;;;;;;;Table;;;;
Medows;;;;Forest;;;;Fields;;;;Ocean;;;;Mines;;;;;;;;Table;;;;
Medows;;;;Forest;;;;Fields;;;;Ocean;;;;Mines;;;;;;;;Table;;;;
Medows;;;;Forest;;;;Fields;;;;Ocean;;;;Mines;;;;;;;;Table;;;;
Medows;;;;Forest;;;;Fields;;;;Ocean;;;;Mines;;;;;;;;Table;;;;
Medows;;;;Forest;;;;Fields;;;;Ocean;;;;Mines;;;;;;;;Table;;;;
Medows;;;;Forest;;;;Fields;;;;Ocean;;;;Mines;;;;;;;;Table;;;;
Medows;;;;Forest;;;;Fields;;;;Ocean;;;;Mines;;;;;;;;Table;;;;
Medows;;;;Forest;53,0858;128,7271;46,514;Fields;23,4603;209,0426;143,6223;Ocean;23,1502;74,1183;77,0911;Mines;48,5063;98,4775;50,0344;;;;;Table;;;;
Medows;;;;Forest;45,7741;121,6808;41,9811;Fields;24,7609;232,2613;163,1627;Ocean;;;;Mines;;;;;;;;Table;;;;
Medows;;;;Forest;47,7374;87,2584;59,5861;Fields;27,5005;232,2235;167,2346;Ocean;;;;Mines;;;;;;;;Table;;;;
Medows;;;;Forest;59,1333;85,0587;41,2403;Fields;24,6865;232,7197;156,6102;Ocean;;;;Mines;;;;;;;;Table;;;;
Medows;;;;Forest;57,2026;88,7471;40,0378;Fields;24,6829;245,3908;166,3696;Ocean;;;;Mines;;;;;;;;Table;;;;
Medows;;;;Forest;62,1053;102,3599;53,2616;Fields;24,5819;242,5046;166,8052;Ocean;;;;Mines;;;;;;;;Table;;;;
Medows;;;;Forest;51,3247;96,0257;38,705;Fields;25,0153;243,5826;170,2956;Ocean;;;;Mines;;;;;;;;Table;;;;
Medows;;;;Forest;44,2081;133,8652;50,6141;Fields;25,0942;240,7135;169,9981;Ocean;;;;Mines;;;;;;;;Table;;;;
Medows;;;;Forest;40,1615;121,1607;52,4294;Fields;;;;Ocean;;;;Mines;;;;;;;;Table;;;;
Medows;;;;Forest;;;;Fields;;;;Ocean;;;;Mines;;;;;;;;Table;;;;
Medows;;;;Forest;;;;Fields;;;;Ocean;;;;Mines;;;;;;;;Table;;;;
Medows;;;;Forest;;;;Fields;;;;Ocean;;;;Mines;;;;;;;;Table;;;;
Medows;;;;Forest;;;;Fields;;;;Ocean;;;;Mines;;;;;;;;Table;;;;
Medows;;;;Forest;;;;Fields;;;;Ocean;;;;Mines;;;;;;;;Table;;;;
Medows;;;;Forest;;;;Fields;;;;Ocean;;;;Mines;;;;;;;;Table;;;;
Medows;40,4241;207,3121;124,9131;Forest;35,9473;146,736;61,0251;Fields;23,8543;229,7084;153,0921;Ocean;25,791;135,1222;89,2397;Mines;44,7396;69,1841;44,5611;;;;;Table;;;;
Medows;39,5853;220,9299;118,7821;Forest;42,8833;151,6637;46,6809;Fields;23,6958;221,66;150,6113;Ocean;;;;Mines;50,7985;69,493;43,5013;;;;;Table;;;;
Medows;42,2036;215,1144;119,665;Forest;42,561;147,4557;48,2731;Fields;23,8023;227,3643;143,2721;Ocean;;;;Mines;;;;;;;;Table;;;;
Medows;37,3924;199,9181;97,2442;Forest;;;;Fields;33,5446;213,5596;135,1347;Ocean;;;;Mines;;;;;;;;Table;;;;
Medows;42,2406;225,6404;116,0725;Forest;;;;Fields;25,3304;250,6569;156,2446;Ocean;;;;Mines;;;;;;;;Table;;;;
Medows;34,7326;218,6016;95,5909;Forest;;;;Fields;;;;Ocean;;;;Mines;;;;;;;;Table;;;;
Medows;44,5277;198,4682;108,4878;Forest;;;;Fields;;;;Ocean;;;;Mines;;;;;;;;Table;;;;
Medows;36,0356;187,4574;86;Forest;;;;Fields;;;;Ocean;;;;Mines;;;;;;;;Table;;;;
Medows;45,04;197,9497;95,625;Forest;;;;Fields;;;;Ocean;;;;Mines;;;;;;;;Table;;;;
Medows;45,2224;184,4038;95,3307;Forest;;;;Fields;;;;Ocean;;;;Mines;;;;;;;;Table;;;;
Medows;48,5884;161,9427;93,3124;Forest;;;;Fields;;;;Ocean;;;;Mines;;;;;;;;Table;;;;
Medows;;;;Forest;;;;Fields;;;;Ocean;;;;Mines;;;;;;;;Table;;;;
Medows;;;;Forest;;;;Fields;;;;Ocean;;;;Mines;;;;;;;;Table;;;;
Medows;;;;Forest;;;;Fields;;;;Ocean;;;;Mines;;;;;;;;Table;;;;
Medows;;;;Forest;;;;Fields;;;;Ocean;;;;Mines;;;;;;;;Table;;;;
Medows;;;;Forest;;;;Fields;;;;Ocean;;;;Mines;;;;;;;;Table;;;;
Medows;;;;Forest;;;;Fields;;;;Ocean;;;;Mines;;;;;;;;Table;;;;
Medows;;;;Forest;;;;Fields;;;;Ocean;;;;Mines;;;;;;;;Table;;;;
Medows;;;;Forest;;;;Fields;;;;Ocean;;;;Mines;;;;;;;;Table;;;;
Medows;;;;Forest;;;;Fields;;;;Ocean;;;;Mines;;;;;;;;Table;;;;
Medows;;;;Forest;;;;Fields;;;;Ocean;;;;Mines;;;;;;;;Table;;;;
Medows;;;;Forest;;;;Fields;;;;Ocean;;;;Mines;;;;;;;;Table;;;;
Medows;;;;Forest;;;;Fields;;;;Ocean;;;;Mines;;;;;;;;Table;;;;
Medows;;;;Forest;;;;Fields;;;;Ocean;;;;Mines;;;;;;;;Table;;;;
Medows;;;;Forest;;;;Fields;;;;Ocean;;;;Mines;;;;;;;;Table;;;;
Medows;;;;Forest;;;;Fields;;;;Ocean;;;;Mines;;;;;;;;Table;;;;
Medows;;;;Forest;;;;Fields;;;;Ocean;;;;Mines;;;;;;;;Table;;;;
Medows;;;;Forest;;;;Fields;;;;Ocean;;;;Mines;;;;;;;;Table;;;;
Medows;;;;Forest;;;;Fields;;;;Ocean;;;;Mines;;;;;;;;Table;;;;
Medows;;;;Forest;;;;Fields;;;;Ocean;;;;Mines;;;;;;;;Table;;;;
Medows;;;;Forest;;;;Fields;;;;Ocean;;;;Mines;;;;;;;;Table;;;;
Medows;;;;Forest;;;;Fields;;;;Ocean;;;;Mines;;;;;;;;Table;;;;
Medows;;;;Forest;;;;Fields;;;;Ocean;;;;Mines;;;;;;;;Table;;;;
Medows;;;;Forest;;;;Fields;;;;Ocean;;;;Mines;;;;;;;;Table;;;;
Medows;;;;Forest;;;;Fields;;;;Ocean;;;;Mines;;;;;;;;Table;;;;
Medows;;;;Forest;;;;Fields;;;;Ocean;;;;Mines;;;;;;;;Table;;;;
Medows;;;;Forest;;;;Fields;;;;Ocean;;;;Mines;;;;;;;;Table;;;;
Medows;;;;Forest;;;;Fields;;;;Ocean;;;;Mines;;;;;;;;Table;;;;
Medows;;;;Forest;;;;Fields;;;;Ocean;;;;Mines;;;;;;;;Table;;;;
Medows;;;;Forest;;;;Fields;;;;Ocean;;;;Mines;;;;;;;;Table;;;;
Medows;;;;Forest;;;;Fields;;;;Ocean;;;;Mines;;;;;;;;Table;;;;
Medows;;;;Forest;;;;Fields;;;;Ocean;;;;Mines;;;;;;;;Table;;;;
Medows;;;;Forest;;;;Fields;;;;Ocean;;;;Mines;;;;;;;;Table;;;;
Medows;;;;Forest;;;;Fields;;;;Ocean;;;;Mines;;;;;;;;Table;;;;
Medows;;;;Forest;;;;Fields;;;;Ocean;;;;Mines;;;;;;;;Table;;;;
Medows;;;;Forest;;;;Fields;;;;Ocean;;;;Mines;;;;;;;;Table;;;;
Medows;;;;Forest;;;;Fields;;;;Ocean;;;;Mines;;;;;;;;Table;;;;
Medows;;;;Forest;;;;Fields;;;;Ocean;;;;Mines;;;;;;;;Table;;;;
Medows;;;;Forest;;;;Fields;;;;Ocean;;;;Mines;;;;;;;;Table;;;;
Medows;;;;Forest;;;;Fields;;;;Ocean;;;;Mines;;;;;;;;Table;;;;
Medows;;;;Forest;;;;Fields;;;;Ocean;;;;Mines;;;;;;;;Table;;;;
Medows;;;;Forest;;;;Fields;;;;Ocean;;;;Mines;;;;;;;;Table;;;;
Medows;;;;Forest;;;;Fields;;;;Ocean;;;;Mines;;;;;;;;Table;;;;
Medows;;;;Forest;;;;Fields;;;;Ocean;;;;Mines;;;;;;;;Table;;;;
Medows;;;;Forest;;;;Fields;;;;Ocean;;;;Mines;;;;;;;;Table;;;;
Medows;;;;Forest;;;;Fields;;;;Ocean;;;;Mines;;;;;;;;Table;;;;
Medows;;;;Forest;;;;Fields;;;;Ocean;;;;Mines;;;;;;;;Table;;;;
Medows;;;;Forest;;;;Fields;;;;Ocean;;;;Mines;;;;;;;;Table;;;;
Medows;;;;Forest;;;;Fields;;;;Ocean;;;;Mines;;;;;;;;Table;;;;
Medows;;;;Forest;;;;Fields;;;;Ocean;;;;Mines;;;;;;;;Table;;;;
Medows;;;;Forest;;;;Fields;;;;Ocean;;;;Mines;;;;;;;;Table;;;;
Medows;;;;Forest;;;;Fields;;;;Ocean;;;;Mines;;;;;;;;Table;;;;
Medows;;;;Forest;;;;Fields;;;;Ocean;;;;Mines;;;;;;;;Table;;;;
Medows;;;;Forest;;;;Fields;;;;Ocean;;;;Mines;;;;;;;;Table;;;;
Medows;;;;Forest;;;;Fields;;;;Ocean;;;;Mines;;;;;;;;Table;;;;
Medows;;;;Forest;;;;Fields;;;;Ocean;;;;Mines;;;;;;;;Table;;;;
Medows;;;;Forest;;;;Fields;;;;Ocean;;;;Mines;;;;;;;;Table;;;;
Medows;;;;Forest;;;;Fields;;;;Ocean;;;;Mines;;;;;;;;Table;;;;
Medows;;;;Forest;;;;Fields;;;;Ocean;;;;Mines;;;;;;;;Table;;;;
Medows;;;;Forest;;;;Fields;;;;Ocean;;;;Mines;;;;;;;;Table;;;;
Medows;;;;Forest;;;;Fields;;;;Ocean;;;;Mines;;;;;;;;Table;;;;
Medows;;;;Forest;;;;Fields;;;;Ocean;;;;Mines;;;;;;;;Table;;;;
Medows;;;;Forest;;;;Fields;;;;Ocean;;;;Mines;;;;;;;;Table;;;;
Medows;;;;Forest;;;;Fields;;;;Ocean;;;;Mines;;;;;;;;Table;;;;
Medows;;;;Forest;;;;Fields;;;;Ocean;;;;Mines;;;;;;;;Table;;;;
Medows;;;;Forest;;;;Fields;;;;Ocean;;;;Mines;;;;;;;;Table;;;;
Medows;;;;Forest;;;;Fields;;;;Ocean;;;;Mines;;;;;;;;Table;;;;
Medows;;;;Forest;;;;Fields;;;;Ocean;;;;Mines;;;;;;;;Table;;;;
Medows;;;;Forest;;;;Fields;;;;Ocean;;;;Mines;;;;;;;;Table;;;;
Medows;;;;Forest;;;;Fields;;;;Ocean;;;;Mines;;;;;;;;Table;;;;
Medows;;;;Forest;;;;Fields;;;;Ocean;;;;Mines;;;;;;;;Table;;;;
Medows;;;;Forest;;;;Fields;;;;Ocean;;;;Mines;;;;;;;;Table;;;;
Medows;;;;Forest;;;;Fields;;;;Ocean;;;;Mines;;;;;;;;Table;;;;
Medows;;;;Forest;;;;Fields;;;;Ocean;;;;Mines;;;;;;;;Table;;;;
Medows;;;;Forest;;;;Fields;;;;Ocean;;;;Mines;;;;;;;;Table;;;;
Medows;;;;Forest;;;;Fields;;;;Ocean;;;;Mines;;;;;;;;Table;;;;
Medows;;;;Forest;;;;Fields;;;;Ocean;;;;Mines;;;;;;;;Table;;;;
Medows;;;;Forest;;;;Fields;;;;Ocean;;;;Mines;;;;;;;;Table;;;;
Medows;;;;Forest;;;;Fields;;;;Ocean;;;;Mines;;;;;;;;Table;;;;
Medows;;;;Forest;;;;Fields;;;;Ocean;;;;Mines;;;;;;;;Table;;;;
Medows;;;;Forest;;;;Fields;;;;Ocean;;;;Mines;;;;;;;;Table;;;;
Medows;;;;Forest;;;;Fields;;;;Ocean;;;;Mines;;;;;;;;Table;;;;
Medows;;;;Forest;;;;Fields;;;;Ocean;;;;Mines;;;;;;;;Table;;;;
Medows;;;;Forest;;;;Fields;;;;Ocean;;;;Mines;;;;;;;;Table;;;;
Medows;;;;Forest;;;;Fields;;;;Ocean;;;;Mines;;;;;;;;Table;;;;
Medows;;;;Forest;;;;Fields;;;;Ocean;;;;Mines;;;;;;;;Table;;;;
Medows;;;;Forest;;;;Fields;;;;Ocean;;;;Mines;;;;;;;;Table;;;;
Medows;;;;Forest;;;;Fields;;;;Ocean;;;;Mines;;;;;;;;Table;;;;
Medows;;;;Forest;;;;Fields;;;;Ocean;;;;Mines;;;;;;;;Table;;;;
Medows;;;;Forest;;;;Fields;;;;Ocean;;;;Mines;;;;;;;;Table;;;;
Medows;;;;Forest;;;;Fields;;;;Ocean;;;;Mines;;;;;;;;Table;;;;
Medows;;;;Forest;;;;Fields;;;;Ocean;;;;Mines;;;;;;;;Table;;;;
Medows;;;;Forest;;;;Fields;;;;Ocean;;;;Mines;;;;;;;;Table;;;;
Medows;;;;Forest;;;;Fields;;;;Ocean;;;;Mines;;;;;;;;Table;;;;
Medows;;;;Forest;;;;Fields;;;;Ocean;;;;Mines;;;;;;;;Table;;;;
Medows;;;;Forest;;;;Fields;;;;Ocean;;;;Mines;;;;;;;;Table;;;;
Medows;;;;Forest;;;;Fields;;;;Ocean;;;;Mines;;;;;;;;Table;;;;
Medows;;;;Forest;;;;Fields;;;;Ocean;;;;Mines;;;;;;;;Table;;;;
Medows;;;;Forest;;;;Fields;;;;Ocean;;;;Mines;;;;;;;;Table;;;;
Medows;;;;Forest;;;;Fields;;;;Ocean;;;;Mines;;;;;;;;Table;;;;
Medows;;;;Forest;;;;Fields;;;;Ocean;;;;Mines;;;;;;;;Table;;;;
Medows;;;;Forest;;;;Fields;;;;Ocean;;;;Mines;;;;;;;;Table;;;;
Medows;;;;Forest;;;;Fields;;;;Ocean;;;;Mines;;;;;;;;Table;;;;
Medows;;;;Forest;;;;Fields;;;;Ocean;;;;Mines;;;;;;;;Table;;;;
Medows;;;;Forest;;;;Fields;;;;Ocean;;;;Mines;;;;;;;;Table;;;;
Medows;;;;Forest;;;;Fields;;;;Ocean;;;;Mines;;;;;;;;Table;;;;
Medows;;;;Forest;;;;Fields;;;;Ocean;;;;Mines;;;;;;;;Table;;;;
Medows;;;;Forest;;;;Fields;;;;Ocean;;;;Mines;;;;;;;;Table;;;;
Medows;;;;Forest;;;;Fields;;;;Ocean;;;;Mines;;;;;;;;Table;;;;
Medows;;;;Forest;;;;Fields;;;;Ocean;;;;Mines;;;;;;;;Table;;;;
Medows;35,7343;182,828;105;Forest;42,7109;121,3818;59,9123;Fields;27,6848;225,7384;172,9653;Ocean;28,3413;112,1707;93,1299;Mines;55,0579;86,7627;60,6722;;;;;Table;;;;
Medows;44;185;132,2598;Forest;56;99,1993;56,4185;Fields;26,8324;233,5194;170,6886;Ocean;;;;Mines;;;;;;;;Table;;;;
Medows;45,2548;183,988;127,7538;Forest;49,7337;130,0224;53,0245;Fields;24,6982;207,0071;154,7862;Ocean;;;;Mines;;;;;;;;Table;;;;
Medows;48;175,9493;133,8846;Forest;47,9907;124,2211;48,2024;Fields;25,4166;240,9099;177,5316;Ocean;;;;Mines;;;;;;;;Table;;;;
Medows;34;200,109;118,868;Forest;;;;Fields;25,7265;231,1975;170,7478;Ocean;;;;Mines;;;;;;;;Table;;;;
Medows;42,7631;205,1586;132,0625;Forest;;;;Fields;25,9998;238,9223;166,1194;Ocean;;;;Mines;;;;;;;;Table;;;;
Medows;37,0654;171,7194;117,8924;Forest;;;;Fields;;;;Ocean;;;;Mines;;;;;;;;Table;;;;
Medows;47;184,3665;126,2384;Forest;;;;Fields;;;;Ocean;;;;Mines;;;;;;;;Table;;;;
Medows;;;;Forest;;;;Fields;;;;Ocean;;;;Mines;;;;;;;;Table;;;;
Medows;;;;Forest;;;;Fields;;;;Ocean;;;;Mines;;;;;;;;Table;;;;
Medows;;;;Forest;;;;Fields;;;;Ocean;;;;Mines;;;;;;;;Table;;;;
Medows;;;;Forest;;;;Fields;;;;Ocean;;;;Mines;;;;;;;;Table;;;;
Medows;;;;Forest;;;;Fields;;;;Ocean;;;;Mines;;;;;;;;Table;;;;
Medows;;;;Forest;;;;Fields;;;;Ocean;;;;Mines;;;;;;;;Table;;;;
Medows;;;;Forest;;;;Fields;;;;Ocean;;;;Mines;;;;;;;;Table;;;;
Medows;;;;Forest;43,1517;129,4468;38,7486;Fields;25,1865;243,9238;167,8543;Ocean;25,0378;170,97;91,7782;Mines;40,9786;128,6264;67,5959;;;;;Table;;;;
Medows;;;;Forest;37,7698;164,8556;48,6427;Fields;26,5558;219,5626;170,7659;Ocean;18,2252;117,571;111,6919;Mines;39,4901;150,405;78,8735;;;;;Table;;;;
Medows;;;;Forest;30,4355;178,871;59,8947;Fields;25,1168;239,8363;169,576;Ocean;20,5977;145,2255;93,2079;Mines;;;;;;;;Table;;;;
Medows;;;;Forest;37,9861;185,2736;44,3508;Fields;26,6002;224,8465;165,2744;Ocean;22,3655;180,1304;99,3245;Mines;;;;;;;;Table;;;;
Medows;;;;Forest;33,6027;152,4088;60,8709;Fields;;;;Ocean;20,0884;148,4066;100,6972;Mines;;;;;;;;Table;;;;
Medows;;;;Forest;;;;Fields;;;;Ocean;;;;Mines;;;;;;;;Table;;;;
Medows;;;;Forest;;;;Fields;;;;Ocean;;;;Mines;;;;;;;;Table;;;;
Medows;;;;Forest;;;;Fields;;;;Ocean;;;;Mines;;;;;;;;Table;;;;
Medows;;;;Forest;;;;Fields;;;;Ocean;;;;Mines;;;;;;;;Table;;;;
Medows;;;;Forest;;;;Fields;;;;Ocean;;;;Mines;;;;;;;;Table;;;;
Medows;;;;Forest;;;;Fields;;;;Ocean;;;;Mines;;;;;;;;Table;;;;
Medows;;;;Forest;;;;Fields;;;;Ocean;;;;Mines;;;;;;;;Table;;;;
Medows;;;;Forest;;;;Fields;;;;Ocean;;;;Mines;;;;;;;;Table;;;;
Medows;;;;Forest;;;;Fields;;;;Ocean;;;;Mines;;;;;;;;Table;;;;
Medows;;;;Forest;;;;Fields;;;;Ocean;;;;Mines;;;;;;;;Table;;;;
Medows;36,3642;236,2136;107,1018;Forest;29,3657;185,5796;48,5151;Fields;23,3417;252,6955;171,8318;Ocean;20,334;157,9818;85,7401;Mines;;;;;;;;Table;;;;
Medows;39,0029;223,3301;97,4374;Forest;37,9167;212,2434;41,1274;Fields;22,4103;230,4996;152,3233;Ocean;20,6165;153,109;86,1841;Mines;;;;;;;;Table;;;;
Medows;37,2251;210,2936;110,3278;Forest;40,8987;161,194;42,4657;Fields;28,7658;236,5949;171,8217;Ocean;;;;Mines;;;;;;;;Table;;;;
Medows;36,4822;214,7101;110,0094;Forest;;;;Fields;23,0611;218,822;152,1368;Ocean;;;;Mines;;;;;;;;Table;;;;
Medows;29,1513;212,4783;96,5505;Forest;;;;Fields;;;;Ocean;;;;Mines;;;;;;;;Table;;;;
Medows;39,0807;228,6076;108,0122;Forest;;;;Fields;;;;Ocean;;;;Mines;;;;;;;;Table;;;;
Medows;36,6986;238,2435;101,5396;Forest;;;;Fields;;;;Ocean;;;;Mines;;;;;;;;Table;;;;
Medows;38,2527;227,6885;106,5136;Forest;;;;Fields;;;;Ocean;;;;Mines;;;;;;;;Table;;;;
Medows;42,5755;218,6631;114,2138;Forest;;;;Fields;;;;Ocean;;;;Mines;;;;;;;;Table;;;;
Medows;38,6179;191,8588;110,0481;Forest;;;;Fields;;;;Ocean;;;;Mines;;;;;;;;Table;;;;
Medows;38,8509;216,2936;110,5408;Forest;;;;Fields;;;;Ocean;;;;Mines;;;;;;;;Table;;;;
Medows;31,9009;169,7482;101,8804;Forest;;;;Fields;;;;Ocean;;;;Mines;;;;;;;;Table;;;;
Medows;;;;Forest;;;;Fields;;;;Ocean;;;;Mines;;;;;;;;Table;;;;
Medows;;;;Forest;;;;Fields;;;;Ocean;;;;Mines;;;;;;;;Table;;;;
Medows;;;;Forest;;;;Fields;;;;Ocean;;;;Mines;;;;;;;;Table;;;;
Medows;;;;Forest;;;;Fields;;;;Ocean;;;;Mines;;;;;;;;Table;;;;
Medows;;;;Forest;;;;Fields;;;;Ocean;;;;Mines;;;;;;;;Table;;;;
Medows;;;;Forest;;;;Fields;;;;Ocean;;;;Mines;;;;;;;;Table;;;;
Medows;;;;Forest;;;;Fields;;;;Ocean;;;;Mines;;;;;;;;Table;;;;
Medows;;;;Forest;;;;Fields;;;;Ocean;;;;Mines;;;;;;;;Table;;;;
Medows;;;;Forest;;;;Fields;;;;Ocean;;;;Mines;;;;;;;;Table;;;;
Medows;;;;Forest;;;;Fields;;;;Ocean;;;;Mines;;;;;;;;Table;;;;
Medows;;;;Forest;;;;Fields;;;;Ocean;;;;Mines;;;;;;;;Table;;;;
Medows;;;;Forest;;;;Fields;;;;Ocean;;;;Mines;;;;;;;;Table;;;;
Medows;;;;Forest;;;;Fields;;;;Ocean;;;;Mines;;;;;;;;Table;;;;
Medows;;;;Forest;;;;Fields;;;;Ocean;;;;Mines;;;;;;;;Table;;;;
Medows;;;;Forest;;;;Fields;;;;Ocean;;;;Mines;;;;;;;;Table;;;;
Medows;;;;Forest;;;;Fields;;;;Ocean;;;;Mines;;;;;;;;Table;;;;
Medows;;;;Forest;;;;Fields;;;;Ocean;;;;Mines;;;;;;;;Table;;;;
Medows;;;;Forest;;;;Fields;;;;Ocean;;;;Mines;;;;;;;;Table;;;;
Medows;;;;Forest;;;;Fields;;;;Ocean;;;;Mines;;;;;;;;Table;;;;
Medows;;;;Forest;;;;Fields;;;;Ocean;;;;Mines;;;;;;;;Table;;;;
Medows;;;;Forest;;;;Fields;;;;Ocean;;;;Mines;;;;;;;;Table;;;;
Medows;;;;Forest;;;;Fields;;;;Ocean;;;;Mines;;;;;;;;Table;;;;
Medows;;;;Forest;;;;Fields;;;;Ocean;;;;Mines;;;;;;;;Table;;;;
Medows;;;;Forest;;;;Fields;;;;Ocean;;;;Mines;;;;;;;;Table;;;;
Medows;;;;Forest;;;;Fields;;;;Ocean;;;;Mines;;;;;;;;Table;;;;
Medows;;;;Forest;;;;Fields;;;;Ocean;;;;Mines;;;;;;;;Table;;;;
Medows;;;;Forest;;;;Fields;;;;Ocean;;;;Mines;;;;;;;;Table;;;;
Medows;;;;Forest;;;;Fields;;;;Ocean;;;;Mines;;;;;;;;Table;;;;
Medows;;;;Forest;;;;Fields;;;;Ocean;;;;Mines;;;;;;;;Table;;;;
Medows;;;;Forest;;;;Fields;;;;Ocean;;;;Mines;;;;;;;;Table;;;;
Medows;;;;Forest;;;;Fields;;;;Ocean;;;;Mines;;;;;;;;Table;;;;
Medows;;;;Forest;;;;Fields;;;;Ocean;;;;Mines;;;;;;;;Table;;;;
Medows;;;;Forest;;;;Fields;;;;Ocean;;;;Mines;;;;;;;;Table;;;;
Medows;;;;Forest;;;;Fields;;;;Ocean;;;;Mines;;;;;;;;Table;;;;
Medows;;;;Forest;;;;Fields;;;;Ocean;;;;Mines;;;;;;;;Table;;;;
Medows;;;;Forest;;;;Fields;;;;Ocean;;;;Mines;;;;;;;;Table;;;;
Medows;;;;Forest;;;;Fields;;;;Ocean;;;;Mines;;;;;;;;Table;;;;
Medows;;;;Forest;;;;Fields;;;;Ocean;;;;Mines;;;;;;;;Table;;;;
Medows;;;;Forest;;;;Fields;;;;Ocean;;;;Mines;;;;;;;;Table;;;;
Medows;;;;Forest;;;;Fields;;;;Ocean;;;;Mines;;;;;;;;Table;;;;
Medows;;;;Forest;;;;Fields;;;;Ocean;;;;Mines;;;;;;;;Table;;;;
Medows;;;;Forest;;;;Fields;;;;Ocean;;;;Mines;;;;;;;;Table;;;;
Medows;;;;Forest;;;;Fields;;;;Ocean;;;;Mines;;;;;;;;Table;;;;
Medows;;;;Forest;;;;Fields;;;;Ocean;;;;Mines;;;;;;;;Table;;;;
Medows;;;;Forest;;;;Fields;;;;Ocean;;;;Mines;;;;;;;;Table;;;;
Medows;;;;Forest;;;;Fields;;;;Ocean;;;;Mines;;;;;;;;Table;;;;
Medows;;;;Forest;;;;Fields;;;;Ocean;;;;Mines;;;;;;;;Table;;;;
Medows;;;;Forest;;;;Fields;;;;Ocean;;;;Mines;;;;;;;;Table;;;;
Medows;;;;Forest;;;;Fields;;;;Ocean;;;;Mines;;;;;;;;Table;;;;
Medows;;;;Forest;;;;Fields;;;;Ocean;;;;Mines;;;;;;;;Table;;;;
Medows;;;;Forest;;;;Fields;;;;Ocean;;;;Mines;;;;;;;;Table;;;;
Medows;;;;Forest;;;;Fields;;;;Ocean;;;;Mines;;;;;;;;Table;;;;
Medows;;;;Forest;;;;Fields;;;;Ocean;;;;Mines;;;;;;;;Table;;;;
Medows;;;;Forest;;;;Fields;;;;Ocean;;;;Mines;;;;;;;;Table;;;;
Medows;;;;Forest;;;;Fields;;;;Ocean;;;;Mines;;;;;;;;Table;;;;
Medows;;;;Forest;;;;Fields;;;;Ocean;;;;Mines;;;;;;;;Table;;;;
Medows;;;;Forest;;;;Fields;;;;Ocean;;;;Mines;;;;;;;;Table;;;;
Medows;;;;Forest;;;;Fields;;;;Ocean;;;;Mines;;;;;;;;Table;;;;
Medows;;;;Forest;;;;Fields;;;;Ocean;;;;Mines;;;;;;;;Table;;;;
Medows;;;;Forest;;;;Fields;;;;Ocean;;;;Mines;;;;;;;;Table;;;;
Medows;;;;Forest;;;;Fields;;;;Ocean;;;;Mines;;;;;;;;Table;;;;
Medows;;;;Forest;;;;Fields;;;;Ocean;;;;Mines;;;;;;;;Table;;;;
Medows;;;;Forest;;;;Fields;;;;Ocean;;;;Mines;;;;;;;;Table;;;;
Medows;;;;Forest;;;;Fields;;;;Ocean;;;;Mines;;;;;;;;Table;;;;
Medows;;;;Forest;;;;Fields;;;;Ocean;;;;Mines;;;;;;;;Table;;;;
Medows;;;;Forest;;;;Fields;;;;Ocean;;;;Mines;;;;;;;;Table;;;;
Medows;;;;Forest;;;;Fields;;;;Ocean;;;;Mines;;;;;;;;Table;;;;
Medows;;;;Forest;;;;Fields;;;;Ocean;;;;Mines;;;;;;;;Table;;;;
Medows;;;;Forest;;;;Fields;;;;Ocean;;;;Mines;;;;;;;;Table;;;;
Medows;;;;Forest;;;;Fields;;;;Ocean;;;;Mines;;;;;;;;Table;;;;
Medows;;;;Forest;;;;Fields;;;;Ocean;;;;Mines;;;;;;;;Table;;;;
Medows;;;;Forest;;;;Fields;;;;Ocean;;;;Mines;;;;;;;;Table;;;;
Medows;;;;Forest;;;;Fields;;;;Ocean;;;;Mines;;;;;;;;Table;;;;
Medows;;;;Forest;;;;Fields;;;;Ocean;;;;Mines;;;;;;;;Table;;;;
Medows;;;;Forest;;;;Fields;;;;Ocean;;;;Mines;;;;;;;;Table;;;;
Medows;;;;Forest;;;;Fields;;;;Ocean;;;;Mines;;;;;;;;Table;;;;
Medows;;;;Forest;;;;Fields;;;;Ocean;;;;Mines;;;;;;;;Table;;;;
Medows;;;;Forest;;;;Fields;;;;Ocean;;;;Mines;;;;;;;;Table;;;;
Medows;;;;Forest;;;;Fields;;;;Ocean;;;;Mines;;;;;;;;Table;;;;
Medows;;;;Forest;;;;Fields;;;;Ocean;;;;Mines;;;;;;;;Table;;;;
Medows;;;;Forest;;;;Fields;;;;Ocean;;;;Mines;;;;;;;;Table;;;;
Medows;;;;Forest;;;;Fields;;;;Ocean;;;;Mines;;;;;;;;Table;;;;
Medows;;;;Forest;;;;Fields;;;;Ocean;;;;Mines;;;;;;;;Table;;;;
Medows;;;;Forest;;;;Fields;;;;Ocean;;;;Mines;;;;;;;;Table;;;;
Medows;;;;Forest;;;;Fields;;;;Ocean;;;;Mines;;;;;;;;Table;;;;
Medows;;;;Forest;;;;Fields;;;;Ocean;;;;Mines;;;;;;;;Table;;;;
Medows;;;;Forest;;;;Fields;;;;Ocean;;;;Mines;;;;;;;;Table;;;;
Medows;;;;Forest;;;;Fields;;;;Ocean;;;;Mines;;;;;;;;Table;;;;
Medows;;;;Forest;;;;Fields;;;;Ocean;;;;Mines;;;;;;;;Table;;;;
Medows;;;;Forest;;;;Fields;;;;Ocean;;;;Mines;;;;;;;;Table;;;;
Medows;;;;Forest;;;;Fields;;;;Ocean;;;;Mines;;;;;;;;Table;;;;
Medows;;;;Forest;;;;Fields;;;;Ocean;;;;Mines;;;;;;;;Table;;;;
Medows;;;;Forest;;;;Fields;;;;Ocean;;;;Mines;;;;;;;;Table;;;;
Medows;;;;Forest;;;;Fields;;;;Ocean;;;;Mines;;;;;;;;Table;;;;
Medows;;;;Forest;;;;Fields;;;;Ocean;;;;Mines;;;;;;;;Table;;;;
Medows;;;;Forest;;;;Fields;;;;Ocean;;;;Mines;;;;;;;;Table;;;;
Medows;;;;Forest;;;;Fields;;;;Ocean;;;;Mines;;;;;;;;Table;;;;
Medows;;;;Forest;;;;Fields;;;;Ocean;;;;Mines;;;;;;;;Table;;;;
Medows;;;;Forest;;;;Fields;;;;Ocean;;;;Mines;;;;;;;;Table;;;;
Medows;;;;Forest;;;;Fields;;;;Ocean;;;;Mines;;;;;;;;Table;;;;
Medows;;;;Forest;;;;Fields;;;;Ocean;;;;Mines;;;;;;;;Table;;;;
Medows;;;;Forest;;;;Fields;;;;Ocean;;;;Mines;;;;;;;;Table;;;;
Medows;;;;Forest;;;;Fields;;;;Ocean;;;;Mines;;;;;;;;Table;;;;
Medows;;;;Forest;;;;Fields;;;;Ocean;;;;Mines;;;;;;;;Table;;;;
Medows;;;;Forest;;;;Fields;;;;Ocean;;;;Mines;;;;;;;;Table;;;;
Medows;;;;Forest;;;;Fields;;;;Ocean;;;;Mines;;;;;;;;Table;;;;
Medows;;;;Forest;;;;Fields;;;;Ocean;;;;Mines;;;;;;;;Table;;;;
Medows;;;;Forest;;;;Fields;;;;Ocean;;;;Mines;;;;;;;;Table;;;;
Medows;38,9385;216,4893;117,7895;Forest;33,5629;171,2563;54,8811;Fields;26,9469;237,2428;171,4172;Ocean;18,6533;69,3028;111,0634;Mines;;;;;;;;Table;;;;
Medows;37,6118;185,9199;121,7614;Forest;41,0287;116,1185;42,2584;Fields;22,2036;227,7933;157,9472;Ocean;;;;Mines;;;;;;;;Table;;;;
Medows;39,04;213,8136;114,2766;Forest;;;;Fields;23,1602;225,4601;172,4809;Ocean;;;;Mines;;;;;;;;Table;;;;
Medows;41,3303;219,181;113,4423;Forest;;;;Fields;23,5917;245,2326;181,8514;Ocean;;;;Mines;;;;;;;;Table;;;;
Medows;37,6913;211,0688;112,3095;Forest;;;;Fields;23,648;238,5309;179,9962;Ocean;;;;Mines;;;;;;;;Table;;;;
Medows;29,6981;194,7062;107,8222;Forest;;;;Fields;23,6093;223,7496;174,1975;Ocean;;;;Mines;;;;;;;;Table;;;;
Medows;34,9144;167,0632;100,1319;Forest;;;;Fields;;;;Ocean;;;;Mines;;;;;;;;Table;;;;
Medows;32,8421;195,4202;108,3692;Forest;;;;Fields;;;;Ocean;;;;Mines;;;;;;;;Table;;;;
Medows;33,5851;154,5456;116,9731;Forest;;;;Fields;;;;Ocean;;;;Mines;;;;;;;;Table;;;;
Medows;42,9978;187,2019;124,7396;Forest;;;;Fields;;;;Ocean;;;;Mines;;;;;;;;Table;;;;
Medows;41,2495;163,7921;130,9974;Forest;;;;Fields;;;;Ocean;;;;Mines;;;;;;;;Table;;;;
Medows;41,9005;153,3184;;Forest;;;;Fields;;;;Ocean;;;;Mines;;;;;;;;Table;;;;
Medows;;;;Forest;;;;Fields;;;;Ocean;;;;Mines;;;;;;;;Table;;;;
Medows;;;;Forest;;;;Fields;;;;Ocean;;;;Mines;;;;;;;;Table;;;;
Medows;;;;Forest;;;;Fields;;;;Ocean;;;;Mines;;;;;;;;Table;;;;
Medows;38,2212;195,2005;123,2232;Forest;;;;Fields;23,014;200,8799;163,6905;Ocean;17,6731;111,4232;113,7453;Mines;48,1991;81,6831;55,6604;;;;;Table;;;;
Medows;36,9852;214,1584;123,853;Forest;;;;Fields;23,5505;218,9278;182,7126;Ocean;17,9238;125,8766;105,5573;Mines;40,4328;111,0431;69,9327;;;;;Table;;;;
Medows;;;;Forest;;;;Fields;23,2238;226,0858;183,8914;Ocean;20,3643;144,5485;96,0349;Mines;51,357;100,4886;57,0649;;;;;Table;;;;
Medows;;;;Forest;;;;Fields;23,3015;231,9308;177,8505;Ocean;19,9302;140,7526;100,8489;Mines;56,6598;88,6004;55,2699;;;;;Table;;;;
Medows;;;;Forest;;;;Fields;22,6648;203,8498;154,6151;Ocean;18,7754;122,5195;110,0767;Mines;40,5321;97,2024;60,7894;;;;;Table;;;;
Medows;;;;Forest;;;;Fields;27,2388;235,8721;179,9649;Ocean;19,524;140,1198;94,5595;Mines;48,3053;95,1011;60,5798;;;;;Table;;;;
Medows;;;;Forest;;;;Fields;23,5782;246,9;189,0165;Ocean;24,0681;125,2624;108,1724;Mines;;;;;;;;Table;;;;
Medows;;;;Forest;;;;Fields;;;;Ocean;17,7616;158,6005;105,873;Mines;;;;;;;;Table;;;;
Medows;;;;Forest;;;;Fields;;;;Ocean;21,1884;140,956;99,7649;Mines;;;;;;;;Table;;;;
Medows;;;;Forest;;;;Fields;;;;Ocean;;;;Mines;;;;;;;;Table;;;;
Medows;;;;Forest;;;;Fields;;;;Ocean;;;;Mines;;;;;;;;Table;;;;
Medows;;;;Forest;;;;Fields;;;;Ocean;;;;Mines;;;;;;;;Table;;;;
Medows;;;;Forest;;;;Fields;;;;Ocean;;;;Mines;;;;;;;;Table;;;;
Medows;;;;Forest;;;;Fields;;;;Ocean;;;;Mines;;;;;;;;Table;;;;
Medows;;;;Forest;;;;Fields;;;;Ocean;;;;Mines;;;;;;;;Table;;;;
Medows;;;;Forest;38,5063;183,4389;56,8489;Fields;23,9319;239,4891;189,3366;Ocean;;;;Mines;;;;;;;;Table;;;;
Medows;;;;Forest;38,9658;163,8627;55,0452;Fields;23,3423;245,6898;190,5202;Ocean;;;;Mines;;;;;;;;Table;;;;
Medows;;;;Forest;36,2294;178,1564;51,8973;Fields;21,5751;233,4774;173,4458;Ocean;;;;Mines;;;;;;;;Table;;;;
Medows;;;;Forest;29,9447;175,2812;65,0423;Fields;;;;Ocean;;;;Mines;;;;;;;;Table;;;;
Medows;;;;Forest;37,423;175,1026;52,4342;Fields;;;;Ocean;;;;Mines;;;;;;;;Table;;;;
Medows;;;;Forest;41,0756;117,3622;54,6521;Fields;;;;Ocean;;;;Mines;;;;;;;;Table;;;;
Medows;;;;Forest;;;;Fields;;;;Ocean;;;;Mines;;;;;;;;Table;;;;
Medows;;;;Forest;;;;Fields;;;;Ocean;;;;Mines;;;;;;;;Table;;;;
Medows;;;;Forest;;;;Fields;;;;Ocean;;;;Mines;;;;;;;;Table;;;;
Medows;;;;Forest;;;;Fields;;;;Ocean;;;;Mines;;;;;;;;Table;;;;
Medows;;;;Forest;;;;Fields;;;;Ocean;;;;Mines;;;;;;;;Table;;;;
Medows;;;;Forest;;;;Fields;;;;Ocean;;;;Mines;;;;;;;;Table;;;;
Medows;;;;Forest;;;;Fields;;;;Ocean;;;;Mines;;;;;;;;Table;;;;
Medows;;;;Forest;;;;Fields;;;;Ocean;;;;Mines;;;;;;;;Table;;;;
Medows;;;;Forest;;;;Fields;;;;Ocean;;;;Mines;;;;;;;;Table;;;;
Medows;;;;Forest;;;;Fields;;;;Ocean;;;;Mines;;;;;;;;Table;;;;
Medows;;;;Forest;;;;Fields;;;;Ocean;;;;Mines;;;;;;;;Table;;;;
Medows;;;;Forest;;;;Fields;;;;Ocean;;;;Mines;;;;;;;;Table;;;;
Medows;;;;Forest;;;;Fields;;;;Ocean;;;;Mines;;;;;;;;Table;;;;
Medows;;;;Forest;;;;Fields;;;;Ocean;;;;Mines;;;;;;;;Table;;;;
Medows;;;;Forest;;;;Fields;;;;Ocean;;;;Mines;;;;;;;;Table;;;;
Medows;;;;Forest;;;;Fields;;;;Ocean;;;;Mines;;;;;;;;Table;;;;
Medows;;;;Forest;;;;Fields;;;;Ocean;;;;Mines;;;;;;;;Table;;;;
Medows;;;;Forest;;;;Fields;;;;Ocean;;;;Mines;;;;;;;;Table;;;;
Medows;;;;Forest;;;;Fields;;;;Ocean;;;;Mines;;;;;;;;Table;;;;
Medows;;;;Forest;;;;Fields;;;;Ocean;;;;Mines;;;;;;;;Table;;;;
Medows;;;;Forest;;;;Fields;;;;Ocean;;;;Mines;;;;;;;;Table;;;;
Medows;;;;Forest;;;;Fields;;;;Ocean;;;;Mines;;;;;;;;Table;;;;
Medows;;;;Forest;;;;Fields;;;;Ocean;;;;Mines;;;;;;;;Table;;;;
Medows;;;;Forest;;;;Fields;;;;Ocean;;;;Mines;;;;;;;;Table;;;;
Medows;;;;Forest;;;;Fields;;;;Ocean;;;;Mines;;;;;;;;Table;;;;
Medows;;;;Forest;;;;Fields;;;;Ocean;;;;Mines;;;;;;;;Table;;;;
Medows;;;;Forest;;;;Fields;;;;Ocean;;;;Mines;;;;;;;;Table;;;;
Medows;;;;Forest;;;;Fields;;;;Ocean;;;;Mines;;;;;;;;Table;;;;
Medows;;;;Forest;;;;Fields;;;;Ocean;;;;Mines;;;;;;;;Table;;;;
Medows;;;;Forest;;;;Fields;;;;Ocean;;;;Mines;;;;;;;;Table;;;;
Medows;;;;Forest;;;;Fields;;;;Ocean;;;;Mines;;;;;;;;Table;;;;
Medows;;;;Forest;;;;Fields;;;;Ocean;;;;Mines;;;;;;;;Table;;;;
Medows;;;;Forest;;;;Fields;;;;Ocean;;;;Mines;;;;;;;;Table;;;;
Medows;;;;Forest;;;;Fields;;;;Ocean;;;;Mines;;;;;;;;Table;;;;
Medows;;;;Forest;;;;Fields;;;;Ocean;;;;Mines;;;;;;;;Table;;;;
Medows;;;;Forest;;;;Fields;;;;Ocean;;;;Mines;;;;;;;;Table;;;;
Medows;;;;Forest;;;;Fields;;;;Ocean;;;;Mines;;;;;;;;Table;;;;
Medows;;;;Forest;;;;Fields;;;;Ocean;;;;Mines;;;;;;;;Table;;;;
Medows;;;;Forest;;;;Fields;;;;Ocean;;;;Mines;;;;;;;;Table;;;;
Medows;;;;Forest;;;;Fields;;;;Ocean;;;;Mines;;;;;;;;Table;;;;
Medows;;;;Forest;;;;Fields;;;;Ocean;;;;Mines;;;;;;;;Table;;;;
Medows;;;;Forest;;;;Fields;;;;Ocean;;;;Mines;;;;;;;;Table;;;;
Medows;;;;Forest;;;;Fields;;;;Ocean;;;;Mines;;;;;;;;Table;;;;
Medows;;;;Forest;;;;Fields;;;;Ocean;;;;Mines;;;;;;;;Table;;;;
Medows;;;;Forest;;;;Fields;;;;Ocean;;;;Mines;;;;;;;;Table;;;;
Medows;;;;Forest;;;;Fields;;;;Ocean;;;;Mines;;;;;;;;Table;;;;
Medows;;;;Forest;;;;Fields;;;;Ocean;;;;Mines;;;;;;;;Table;;;;
Medows;;;;Forest;;;;Fields;;;;Ocean;;;;Mines;;;;;;;;Table;;;;
Medows;;;;Forest;;;;Fields;;;;Ocean;;;;Mines;;;;;;;;Table;;;;
Medows;;;;Forest;;;;Fields;;;;Ocean;;;;Mines;;;;;;;;Table;;;;
Medows;;;;Forest;;;;Fields;;;;Ocean;;;;Mines;;;;;;;;Table;;;;
Medows;;;;Forest;;;;Fields;;;;Ocean;;;;Mines;;;;;;;;Table;;;;
Medows;;;;Forest;;;;Fields;;;;Ocean;;;;Mines;;;;;;;;Table;;;;
Medows;;;;Forest;;;;Fields;;;;Ocean;;;;Mines;;;;;;;;Table;;;;
Medows;;;;Forest;;;;Fields;;;;Ocean;;;;Mines;;;;;;;;Table;;;;
Medows;;;;Forest;;;;Fields;;;;Ocean;;;;Mines;;;;;;;;Table;;;;
Medows;;;;Forest;;;;Fields;;;;Ocean;;;;Mines;;;;;;;;Table;;;;
Medows;;;;Forest;;;;Fields;;;;Ocean;;;;Mines;;;;;;;;Table;;;;
Medows;;;;Forest;;;;Fields;;;;Ocean;;;;Mines;;;;;;;;Table;;;;
Medows;;;;Forest;;;;Fields;;;;Ocean;;;;Mines;;;;;;;;Table;;;;
Medows;;;;Forest;;;;Fields;;;;Ocean;;;;Mines;;;;;;;;Table;;;;
Medows;;;;Forest;;;;Fields;;;;Ocean;;;;Mines;;;;;;;;Table;;;;
Medows;;;;Forest;;;;Fields;;;;Ocean;;;;Mines;;;;;;;;Table;;;;
Medows;;;;Forest;;;;Fields;;;;Ocean;;;;Mines;;;;;;;;Table;;;;
Medows;;;;Forest;;;;Fields;;;;Ocean;;;;Mines;;;;;;;;Table;;;;
Medows;;;;Forest;;;;Fields;;;;Ocean;;;;Mines;;;;;;;;Table;;;;
Medows;;;;Forest;;;;Fields;;;;Ocean;;;;Mines;;;;;;;;Table;;;;
Medows;;;;Forest;;;;Fields;;;;Ocean;;;;Mines;;;;;;;;Table;;;;
Medows;;;;Forest;;;;Fields;;;;Ocean;;;;Mines;;;;;;;;Table;;;;
Medows;;;;Forest;;;;Fields;;;;Ocean;;;;Mines;;;;;;;;Table;;;;
Medows;;;;Forest;;;;Fields;;;;Ocean;;;;Mines;;;;;;;;Table;;;;
Medows;;;;Forest;;;;Fields;;;;Ocean;;;;Mines;;;;;;;;Table;;;;
Medows;;;;Forest;;;;Fields;;;;Ocean;;;;Mines;;;;;;;;Table;;;;
Medows;;;;Forest;;;;Fields;;;;Ocean;;;;Mines;;;;;;;;Table;;;;
Medows;;;;Forest;;;;Fields;;;;Ocean;;;;Mines;;;;;;;;Table;;;;
Medows;;;;Forest;;;;Fields;;;;Ocean;;;;Mines;;;;;;;;Table;;;;
Medows;;;;Forest;;;;Fields;;;;Ocean;;;;Mines;;;;;;;;Table;;;;
Medows;;;;Forest;;;;Fields;;;;Ocean;;;;Mines;;;;;;;;Table;;;;
Medows;;;;Forest;;;;Fields;;;;Ocean;;;;Mines;;;;;;;;Table;;;;
Medows;;;;Forest;;;;Fields;;;;Ocean;;;;Mines;;;;;;;;Table;;;;
Medows;;;;Forest;;;;Fields;;;;Ocean;;;;Mines;;;;;;;;Table;;;;
Medows;;;;Forest;;;;Fields;;;;Ocean;;;;Mines;;;;;;;;Table;;;;
Medows;;;;Forest;;;;Fields;;;;Ocean;;;;Mines;;;;;;;;Table;;;;
Medows;;;;Forest;;;;Fields;;;;Ocean;;;;Mines;;;;;;;;Table;;;;
Medows;;;;Forest;;;;Fields;;;;Ocean;;;;Mines;;;;;;;;Table;;;;
Medows;;;;Forest;;;;Fields;;;;Ocean;;;;Mines;;;;;;;;Table;;;;
Medows;;;;Forest;;;;Fields;;;;Ocean;;;;Mines;;;;;;;;Table;;;;
Medows;;;;Forest;;;;Fields;;;;Ocean;;;;Mines;;;;;;;;Table;;;;
Medows;;;;Forest;;;;Fields;;;;Ocean;;;;Mines;;;;;;;;Table;;;;
Medows;;;;Forest;;;;Fields;;;;Ocean;;;;Mines;;;;;;;;Table;;;;
Medows;;;;Forest;;;;Fields;;;;Ocean;;;;Mines;;;;;;;;Table;;;;
Medows;;;;Forest;;;;Fields;;;;Ocean;;;;Mines;;;;;;;;Table;;;;
Medows;;;;Forest;;;;Fields;;;;Ocean;;;;Mines;;;;;;;;Table;;;;
Medows;;;;Forest;;;;Fields;;;;Ocean;;;;Mines;;;;;;;;Table;;;;
Medows;;;;Forest;;;;Fields;;;;Ocean;;;;Mines;;;;;;;;Table;;;;
Medows;;;;Forest;;;;Fields;;;;Ocean;;;;Mines;;;;;;;;Table;;;;
Medows;;;;Forest;;;;Fields;;;;Ocean;;;;Mines;;;;;;;;Table;;;;
Medows;;;;Forest;;;;Fields;;;;Ocean;;;;Mines;;;;;;;;Table;;;;
Medows;;;;Forest;;;;Fields;;;;Ocean;;;;Mines;;;;;;;;Table;;;;
Medows;;;;Forest;;;;Fields;;;;Ocean;;;;Mines;;;;;;;;Table;;;;
Medows;;;;Forest;;;;Fields;;;;Ocean;;;;Mines;;;;;;;;Table;;;;
Medows;;;;Forest;;;;Fields;;;;Ocean;;;;Mines;;;;;;;;Table;;;;
Medows;;;;Forest;;;;Fields;;;;Ocean;;;;Mines;;;;;;;;Table;;;;
Medows;;;;Forest;;;;Fields;;;;Ocean;;;;Mines;;;;;;;;Table;;;;
Medows;;;;Forest;;;;Fields;;;;Ocean;;;;Mines;;;;;;;;Table;;;;
Medows;;;;Forest;;;;Fields;;;;Ocean;;;;Mines;;;;;;;;Table;;;;
Medows;;;;Forest;;;;Fields;;;;Ocean;;;;Mines;;;;;;;;Table;;;;
Medows;;;;Forest;;;;Fields;;;;Ocean;;;;Mines;;;;;;;;Table;;;;
Medows;;;;Forest;;;;Fields;;;;Ocean;;;;Mines;;;;;;;;Table;;;;
Medows;;;;Forest;;;;Fields;;;;Ocean;;;;Mines;;;;;;;;Table;;;;
Medows;;;;Forest;;;;Fields;;;;Ocean;;;;Mines;;;;;;;;Table;;;;
Medows;;;;Forest;;;;Fields;;;;Ocean;;;;Mines;;;;;;;;Table;;;;
Medows;;;;Forest;;;;Fields;;;;Ocean;;;;Mines;;;;;;;;Table;;;;
Medows;;;;Forest;;;;Fields;;;;Ocean;;;;Mines;;;;;;;;Table;;;;
